InvoiceNo,StockCode,Description,Quantity,InvoiceDate,UnitPrice,CustomerID,Country
INV-429704,SKU668,Mechanical Keyboard,5,2026-01-27,63.58,10102,UK
INV-837609,SKU810,Gaming Monitor,15,2026-03-07,83.67,10435,USA
INV-757846,SKU628,USB-C Hub,4,2026-02-28,119.8,10348,USA
INV-166691,SKU533,USB-C Hub,12,2025-11-22,84.58,10270,Canada
INV-765442,SKU387,Bluetooth Headphones,13,2026-03-10,93.87,10106,UK
INV-989213,SKU666,Laptop Stand,2,2025-12-01,37.79,10071,UK
INV-446249,SKU598,Bluetooth Headphones,19,2026-02-27,127.8,10188,Pakistan
INV-107086,SKU540,USB-C Hub,95,2026-04-24,134.3,10020,UK
INV-489962,SKU880,Mechanical Keyboard,4,2025-12-16,25.44,10102,Australia
INV-692141,SKU402,Desk Pad,4,2026-02-04,101.31,10121,USA
INV-464069,SKU186,Laptop Stand,11,2025-11-10,36.33,10466,UK
INV-432171,SKU929,Bluetooth Headphones,5,2026-04-17,19.15,10214,Australia
INV-378060,SKU537,Desk Pad,11,2026-03-08,129.99,10330,UK
INV-901680,SKU640,Webcam 1080p,10,2026-04-01,71.72,10458,Germany
INV-910658,SKU121,Bluetooth Headphones,8,2026-02-07,113.65,10087,USA
INV-863210,SKU932,USB-C Hub,6,2026-04-21,47.14,10372,USA
INV-672668,SKU896,Desk Pad,6,2026-02-20,119.11,10099,UK
INV-894280,SKU659,USB-C Hub,8,2025-12-30,21.23,10359,USA
INV-638562,SKU616,Gaming Monitor,15,2026-01-26,56.62,10151,Australia
INV-416689,SKU861,Desk Pad,14,2026-03-25,146.82,10130,USA
INV-884403,SKU774,Desk Pad,11,2026-01-04,120.13,10149,Pakistan
INV-196494,SKU602,Bluetooth Headphones,12,2025-12-27,77.1,10308,Pakistan
INV-215981,SKU813,USB-C Hub,13,2026-02-14,54.27,10257,USA
INV-266305,SKU566,Webcam 1080p,8,2025-11-09,131.46,10343,USA
INV-116304,SKU200,Wireless Mouse,18,2025-11-22,84.0,10491,Australia
INV-373438,SKU682,Laptop Stand,1,2026-03-21,114.97,10413,Pakistan
INV-388569,SKU774,Wireless Mouse,15,2026-01-28,114.35,10293,UK
INV-824071,SKU784,Laptop Stand,8,2026-04-25,7.6,10385,USA
INV-210777,SKU240,Webcam 1080p,11,2025-11-18,23.31,10191,UK
INV-502641,SKU237,Desk Pad,12,2026-02-23,100.65,10443,Canada
INV-715837,SKU677,Desk Pad,12,2026-04-17,28.43,10276,USA
INV-717752,SKU809,Bluetooth Headphones,4,2026-03-25,42.05,10160,Germany
INV-731036,SKU939,Gaming Monitor,16,2026-03-23,142.26,10459,USA
INV-566962,SKU327,USB-C Hub,4,2026-02-14,86.23,10313,USA
INV-954727,SKU380,USB-C Hub,25,2026-04-21,227.72,10021,USA
INV-902523,SKU783,USB-C Hub,5,2026-01-02,85.91,10252,USA
INV-354174,SKU927,Bluetooth Headphones,8,2026-04-16,85.11,10235,USA
INV-755362,SKU530,Laptop Stand,10,2025-11-13,18.65,10344,UK
INV-353890,SKU139,Desk Pad,85,2026-04-14,109.66,10048,USA
INV-674699,SKU618,Webcam 1080p,9,2025-12-02,45.95,10474,USA
INV-534174,SKU785,USB-C Hub,19,2026-03-17,61.66,10058,USA
INV-358901,SKU762,Wireless Mouse,14,2025-12-10,120.76,10169,Pakistan
INV-195696,SKU310,USB-C Hub,8,2026-03-28,58.93,10475,UK
INV-776067,SKU401,Desk Pad,9,2026-01-21,70.5,10187,UK
INV-770608,SKU185,Bluetooth Headphones,11,2026-01-16,62.62,10463,UK
INV-695597,SKU496,Webcam 1080p,1,2026-01-15,18.54,10270,Pakistan
INV-833682,SKU352,Gaming Monitor,14,2026-04-21,68.96,10189,USA
INV-770397,SKU632,Webcam 1080p,5,2025-12-08,33.36,10445,Canada
INV-167421,SKU868,Wireless Mouse,14,2026-01-10,32.07,10174,Germany
INV-336436,SKU990,USB-C Hub,4,2025-12-18,18.64,10445,Canada
INV-575083,SKU480,USB-C Hub,5,2026-04-26,113.44,10050,USA
INV-402756,SKU543,Mechanical Keyboard,19,2026-03-24,114.83,10363,Canada
INV-581247,SKU132,Laptop Stand,8,2025-12-09,45.08,10054,USA
INV-637738,SKU359,Wireless Mouse,15,2026-01-28,50.29,10243,UK
INV-109491,SKU333,Mechanical Keyboard,15,2026-01-01,98.19,10319,Germany
INV-217026,SKU614,Webcam 1080p,9,2026-03-21,33.4,10130,USA
INV-174804,SKU958,Gaming Monitor,9,2026-02-17,135.06,10484,Australia
INV-611662,SKU407,Laptop Stand,10,2026-01-20,80.43,10306,USA
INV-979725,SKU838,Wireless Mouse,9,2026-03-14,69.9,10134,Australia
INV-743786,SKU895,USB-C Hub,15,2026-04-08,171.76,10020,UK
INV-862803,SKU169,Webcam 1080p,11,2026-01-29,29.07,10328,USA
INV-991907,SKU553,Wireless Mouse,6,2025-11-14,93.95,10166,USA
INV-914746,SKU538,USB-C Hub,2,2026-02-03,57.65,10273,Pakistan
INV-938315,SKU924,Desk Pad,7,2025-12-24,135.09,10387,USA
INV-587335,SKU463,Laptop Stand,18,2026-03-12,29.48,10088,USA
INV-449230,SKU865,Desk Pad,2,2025-12-09,78.52,10315,USA
INV-820989,SKU580,Desk Pad,85,2026-04-23,183.46,10013,Canada
INV-463435,SKU243,USB-C Hub,11,2025-11-25,9.84,10241,UK
INV-342223,SKU123,Gaming Monitor,12,2026-01-16,57.74,10264,USA
INV-634255,SKU524,Webcam 1080p,19,2026-04-09,111.23,10345,USA
INV-312826,SKU845,Bluetooth Headphones,7,2026-04-15,123.95,10052,USA
INV-405364,SKU944,USB-C Hub,6,2026-02-28,50.41,10385,USA
INV-829523,SKU274,Gaming Monitor,1,2025-12-23,120.8,10339,UK
INV-794779,SKU943,Bluetooth Headphones,17,2026-04-05,145.32,10091,Germany
INV-418275,SKU424,Webcam 1080p,11,2026-03-11,129.25,10366,USA
INV-581930,SKU968,Desk Pad,18,2026-03-30,22.06,10443,USA
INV-128876,SKU770,Laptop Stand,17,2026-02-04,112.26,10454,USA
INV-843804,SKU959,Laptop Stand,7,2026-04-15,51.35,10427,Pakistan
INV-987880,SKU447,Webcam 1080p,17,2026-01-11,148.32,10263,Pakistan
INV-775331,SKU897,Webcam 1080p,9,2026-01-01,75.38,10430,Australia
INV-329192,SKU117,Wireless Mouse,85,2026-04-24,45.5,10034,USA
INV-411372,SKU143,Gaming Monitor,8,2025-12-02,110.15,10205,USA
INV-354767,SKU254,Desk Pad,17,2026-02-07,51.84,10080,USA
INV-960927,SKU966,Gaming Monitor,7,2026-03-18,149.58,10419,USA
INV-352313,SKU476,Webcam 1080p,5,2026-04-09,294.14,10049,UK
INV-128261,SKU842,Mechanical Keyboard,13,2026-01-15,100.14,10359,Germany
INV-206601,SKU982,Mechanical Keyboard,19,2026-04-26,23.82,10387,Australia
INV-161260,SKU927,Bluetooth Headphones,95,2026-04-19,209.18,10001,Australia
INV-598214,SKU501,Bluetooth Headphones,17,2025-12-01,18.49,10389,USA
INV-574587,SKU324,Mechanical Keyboard,13,2026-02-01,9.26,10053,Canada
INV-496562,SKU316,Webcam 1080p,16,2026-01-08,124.33,10105,USA
INV-589170,SKU667,Webcam 1080p,8,2025-12-22,35.41,10259,USA
INV-680464,SKU130,Bluetooth Headphones,19,2026-01-28,59.96,10309,Germany
INV-414444,SKU968,USB-C Hub,18,2026-03-07,146.15,10476,USA
INV-242412,SKU158,Webcam 1080p,1,2026-04-18,53.84,10190,UK
INV-617561,SKU991,Mechanical Keyboard,14,2025-12-01,47.99,10401,USA
INV-919444,SKU997,Gaming Monitor,19,2026-01-23,138.14,10217,Canada
INV-790753,SKU452,Webcam 1080p,75,2026-04-08,42.12,10043,Germany
INV-726441,SKU544,Desk Pad,18,2026-03-30,115.14,10161,USA
INV-568349,SKU334,Webcam 1080p,2,2026-03-12,148.27,10201,Australia
INV-959705,SKU206,USB-C Hub,17,2025-11-13,135.69,10445,USA
INV-998760,SKU290,Bluetooth Headphones,18,2025-12-15,99.49,10483,UK
INV-996736,SKU629,Webcam 1080p,6,2026-03-07,50.54,10269,Germany
INV-468781,SKU837,Laptop Stand,19,2026-04-19,41.88,10350,Canada
INV-772636,SKU778,Wireless Mouse,4,2026-02-22,123.79,10303,Pakistan
INV-416783,SKU682,Mechanical Keyboard,1,2026-04-26,132.57,10270,USA
INV-484083,SKU973,Desk Pad,8,2025-11-20,81.19,10455,Canada
INV-631598,SKU665,Desk Pad,7,2026-01-20,40.43,10461,Canada
INV-790527,SKU344,Desk Pad,3,2026-04-13,21.38,10214,Pakistan
INV-465088,SKU961,Laptop Stand,10,2026-03-09,17.64,10251,USA
INV-578096,SKU175,Desk Pad,10,2026-03-23,109.27,10189,Germany
INV-765751,SKU646,Desk Pad,19,2025-11-17,65.92,10295,UK
INV-222013,SKU366,Bluetooth Headphones,14,2026-04-01,136.28,10212,USA
INV-281693,SKU416,Gaming Monitor,2,2025-12-28,112.25,10207,UK
INV-766252,SKU911,Wireless Mouse,1,2026-01-11,32.73,10236,USA
INV-963165,SKU220,Laptop Stand,18,2026-02-17,94.0,10337,UK
INV-833946,SKU935,Wireless Mouse,7,2025-11-23,68.15,10366,Australia
INV-538895,SKU124,Mechanical Keyboard,8,2026-04-23,88.7,10052,UK
INV-272687,SKU531,Bluetooth Headphones,1,2026-01-11,112.02,10279,Canada
INV-278625,SKU259,Webcam 1080p,3,2025-11-08,121.9,10409,UK
INV-209264,SKU695,Gaming Monitor,8,2025-12-29,127.34,10216,USA
INV-703359,SKU213,Bluetooth Headphones,15,2026-02-19,41.83,10251,USA
INV-796362,SKU834,Wireless Mouse,5,2025-11-13,9.51,10187,UK
INV-484755,SKU601,Laptop Stand,3,2026-04-16,112.2,10379,USA
INV-170658,SKU265,Mechanical Keyboard,19,2026-04-05,20.42,10492,USA
INV-634140,SKU802,Mechanical Keyboard,5,2026-04-14,101.32,10040,UK
INV-367531,SKU274,Bluetooth Headphones,15,2026-02-27,5.55,10156,USA
INV-489715,SKU100,Webcam 1080p,40,2026-04-22,207.68,10014,USA
INV-983727,SKU998,Laptop Stand,2,2026-03-25,29.23,10300,UK
INV-754669,SKU840,Webcam 1080p,3,2025-11-30,100.02,10064,USA
INV-402138,SKU185,Webcam 1080p,14,2026-02-11,148.8,10344,Pakistan
INV-334484,SKU673,Desk Pad,14,2025-11-13,15.54,10326,Australia
INV-479056,SKU419,Laptop Stand,55,2026-04-20,32.36,10008,Germany
INV-526941,SKU500,Wireless Mouse,16,2026-02-02,54.36,10343,USA
INV-828042,SKU481,Bluetooth Headphones,4,2026-01-21,130.63,10128,Germany
INV-755920,SKU817,Bluetooth Headphones,5,2025-11-13,36.25,10491,Australia
INV-486354,SKU716,Desk Pad,14,2026-04-20,57.25,10135,Germany
INV-942997,SKU417,USB-C Hub,16,2026-02-02,14.93,10471,USA
INV-363456,SKU902,Bluetooth Headphones,18,2026-03-29,115.66,10062,Canada
INV-488026,SKU349,Mechanical Keyboard,7,2026-02-20,64.2,10138,Australia
INV-187566,SKU624,Wireless Mouse,10,2025-12-25,115.09,10498,UK
INV-383473,SKU774,Laptop Stand,7,2026-01-20,136.02,10080,Canada
INV-334750,SKU654,Bluetooth Headphones,1,2026-04-17,38.75,10391,UK
INV-954619,SKU997,Wireless Mouse,19,2026-02-24,122.07,10162,UK
INV-699830,SKU722,Desk Pad,16,2026-03-23,13.57,10418,USA
INV-208237,SKU816,Bluetooth Headphones,19,2026-04-29,135.33,10288,Canada
INV-619904,SKU995,Laptop Stand,4,2026-02-16,99.36,10378,USA
INV-476620,SKU355,Gaming Monitor,18,2025-12-23,131.76,10260,UK
INV-397789,SKU406,Laptop Stand,2,2026-03-08,5.03,10489,USA
INV-187502,SKU243,Laptop Stand,1,2026-04-29,29.52,10230,UK
INV-586598,SKU757,Laptop Stand,75,2026-04-20,123.04,10040,USA
INV-449454,SKU490,Bluetooth Headphones,25,2026-03-31,120.06,10027,Canada
INV-956051,SKU912,USB-C Hub,11,2025-12-27,37.88,10134,Germany
INV-919945,SKU775,Laptop Stand,10,2025-12-22,60.33,10200,USA
INV-633037,SKU268,Desk Pad,2,2026-03-17,23.68,10327,USA
INV-786143,SKU397,Mechanical Keyboard,3,2026-02-19,64.85,10267,USA
INV-684933,SKU332,Mechanical Keyboard,12,2025-11-01,121.34,10417,Australia
INV-313933,SKU370,Desk Pad,25,2026-04-01,148.94,10032,UK
INV-153175,SKU159,Wireless Mouse,25,2026-04-25,15.22,10047,UK
INV-248395,SKU395,USB-C Hub,6,2026-02-06,66.11,10406,USA
INV-150762,SKU566,Wireless Mouse,9,2025-11-09,8.94,10061,Canada
INV-688510,SKU334,Desk Pad,2,2025-12-02,145.11,10215,Australia
INV-527709,SKU776,Mechanical Keyboard,12,2025-11-15,23.48,10292,Australia
INV-289400,SKU805,Webcam 1080p,3,2026-03-20,107.61,10098,Canada
INV-355539,SKU333,Mechanical Keyboard,12,2026-03-16,146.05,10171,USA
INV-112213,SKU467,Gaming Monitor,17,2026-01-11,124.78,10359,USA
INV-721655,SKU794,Laptop Stand,10,2026-04-04,106.4,10213,USA
INV-802290,SKU944,Webcam 1080p,14,2025-11-12,126.72,10474,USA
INV-258785,SKU331,Mechanical Keyboard,85,2026-04-18,294.72,10034,USA
INV-731445,SKU972,Bluetooth Headphones,18,2026-02-15,95.09,10448,USA
INV-853696,SKU590,Bluetooth Headphones,19,2025-12-12,86.08,10226,USA
INV-132583,SKU718,Wireless Mouse,17,2026-02-23,96.09,10100,Pakistan
INV-753080,SKU602,Webcam 1080p,14,2026-03-19,82.24,10430,Canada
INV-179944,SKU989,Wireless Mouse,9,2026-02-11,97.09,10461,Australia
INV-122369,SKU834,Laptop Stand,8,2026-04-20,70.23,10130,Germany
INV-803288,SKU691,Laptop Stand,2,2026-02-03,36.67,10256,USA
INV-119510,SKU845,Gaming Monitor,65,2026-04-29,44.88,10004,Germany
INV-112120,SKU480,Desk Pad,7,2026-04-09,14.91,10217,USA
INV-724135,SKU795,Desk Pad,9,2026-01-24,43.18,10254,Canada
INV-722863,SKU527,USB-C Hub,11,2026-04-17,11.69,10397,USA
INV-491413,SKU796,Wireless Mouse,14,2026-03-31,87.24,10358,Pakistan
INV-367439,SKU745,Laptop Stand,4,2025-12-26,46.16,10282,USA
INV-644748,SKU831,Desk Pad,13,2026-03-14,124.56,10392,USA
INV-639251,SKU899,Wireless Mouse,2,2026-01-25,15.76,10206,Pakistan
INV-963548,SKU463,Laptop Stand,25,2026-04-13,75.64,10014,USA
INV-651616,SKU301,Mechanical Keyboard,11,2026-02-10,110.89,10345,Canada
INV-971061,SKU981,Wireless Mouse,30,2026-04-07,183.66,10041,Germany
INV-224034,SKU245,Mechanical Keyboard,18,2025-12-24,14.35,10379,Australia
INV-645893,SKU935,Wireless Mouse,10,2026-04-26,132.2,10460,Pakistan
INV-997333,SKU738,USB-C Hub,4,2026-02-23,132.2,10178,Pakistan
INV-275885,SKU556,Gaming Monitor,9,2026-03-19,52.91,10062,USA
INV-277443,SKU234,Bluetooth Headphones,6,2026-01-27,54.36,10351,Australia
INV-732529,SKU725,Desk Pad,2,2025-12-19,148.41,10230,Canada
INV-934030,SKU363,Bluetooth Headphones,17,2026-03-29,95.8,10240,Canada
INV-291848,SKU163,Bluetooth Headphones,5,2026-02-23,82.04,10051,USA
INV-354289,SKU590,Mechanical Keyboard,6,2026-01-02,126.53,10095,Canada
INV-958690,SKU746,Webcam 1080p,12,2026-02-12,46.37,10387,Pakistan
INV-927401,SKU140,Laptop Stand,10,2026-01-22,67.23,10221,Pakistan
INV-792272,SKU395,Bluetooth Headphones,6,2026-02-11,43.83,10484,UK
INV-269446,SKU102,USB-C Hub,8,2026-04-05,119.43,10406,USA
INV-827662,SKU805,Bluetooth Headphones,2,2025-11-17,88.14,10230,USA
INV-162784,SKU209,Wireless Mouse,12,2025-11-06,100.53,10236,Australia
INV-121274,SKU320,Mechanical Keyboard,13,2026-03-27,41.58,10142,Germany
INV-754282,SKU469,Webcam 1080p,7,2025-11-28,36.93,10170,UK
INV-920848,SKU467,Wireless Mouse,50,2026-04-05,151.62,10028,USA
INV-317220,SKU535,Webcam 1080p,65,2026-04-11,223.9,10035,UK
INV-816358,SKU103,Wireless Mouse,85,2026-04-25,162.32,10012,UK
INV-462578,SKU343,Wireless Mouse,14,2026-02-23,9.73,10159,Pakistan
INV-343768,SKU265,Desk Pad,2,2026-01-07,130.94,10326,Canada
INV-536572,SKU125,Gaming Monitor,11,2026-04-26,14.38,10186,USA
INV-792494,SKU494,Gaming Monitor,1,2025-12-13,143.59,10242,UK
INV-560258,SKU573,Laptop Stand,19,2026-04-13,8.65,10085,USA
INV-937742,SKU116,Mechanical Keyboard,4,2025-12-28,105.7,10283,Pakistan
INV-967190,SKU827,USB-C Hub,19,2025-11-13,16.92,10065,USA
INV-243435,SKU191,USB-C Hub,11,2025-12-22,137.05,10169,UK
INV-578365,SKU582,USB-C Hub,40,2026-04-26,144.68,10044,USA
INV-917060,SKU642,Desk Pad,11,2025-12-02,24.94,10061,Canada
INV-604136,SKU304,Wireless Mouse,4,2026-02-13,54.42,10440,Canada
INV-169672,SKU601,Gaming Monitor,17,2026-01-22,28.9,10133,Germany
INV-670534,SKU499,Mechanical Keyboard,7,2026-02-07,29.73,10283,USA
INV-594209,SKU306,Wireless Mouse,40,2026-04-28,284.96,10027,USA
INV-713398,SKU718,Webcam 1080p,3,2025-11-28,69.56,10107,USA
INV-585654,SKU245,Gaming Monitor,10,2026-04-14,238.76,10043,Canada
INV-364954,SKU978,Gaming Monitor,15,2026-04-19,97.74,10339,USA
INV-815220,SKU200,Bluetooth Headphones,5,2025-12-18,103.08,10285,UK
INV-308271,SKU979,Bluetooth Headphones,1,2025-12-10,24.1,10445,Australia
INV-695976,SKU929,Desk Pad,4,2026-02-05,38.96,10330,Australia
INV-951980,SKU979,Mechanical Keyboard,15,2026-02-22,119.08,10127,UK
INV-817723,SKU340,Webcam 1080p,19,2026-03-12,145.76,10347,UK
INV-373306,SKU858,Mechanical Keyboard,3,2026-04-15,43.09,10472,USA
INV-974290,SKU262,Mechanical Keyboard,11,2026-04-04,44.38,10230,Canada
INV-697823,SKU983,Desk Pad,17,2026-03-17,73.57,10189,Australia
INV-500435,SKU272,Desk Pad,13,2026-02-19,147.66,10224,USA
INV-695152,SKU601,Wireless Mouse,11,2026-03-24,44.0,10384,UK
INV-758981,SKU646,Laptop Stand,2,2026-01-15,64.01,10376,Australia
INV-218371,SKU383,Desk Pad,9,2025-12-01,134.26,10282,Australia
INV-714080,SKU458,Mechanical Keyboard,2,2026-02-27,5.42,10445,USA
INV-799793,SKU480,Bluetooth Headphones,9,2026-03-22,10.77,10120,UK
INV-613214,SKU969,Laptop Stand,9,2025-11-25,92.59,10115,USA
INV-570066,SKU632,Wireless Mouse,8,2025-12-04,136.57,10460,USA
INV-881704,SKU919,Laptop Stand,17,2026-01-06,39.63,10232,Pakistan
INV-166188,SKU262,USB-C Hub,1,2026-04-01,73.1,10258,Australia
INV-286023,SKU708,Webcam 1080p,11,2026-02-26,70.32,10358,Germany
INV-968150,SKU406,Laptop Stand,8,2026-01-12,73.58,10197,USA
INV-862476,SKU438,Mechanical Keyboard,10,2025-11-26,95.27,10455,Australia
INV-660846,SKU154,Wireless Mouse,7,2026-03-28,73.11,10410,UK
INV-228938,SKU432,Webcam 1080p,3,2026-02-12,69.88,10136,USA
INV-246731,SKU226,Mechanical Keyboard,3,2025-11-10,73.77,10317,UK
INV-920845,SKU804,Webcam 1080p,18,2026-01-06,90.68,10164,USA
INV-896867,SKU342,Bluetooth Headphones,5,2026-04-01,82.87,10224,Germany
INV-874560,SKU960,USB-C Hub,12,2025-11-05,128.85,10306,UK
INV-652355,SKU699,Bluetooth Headphones,12,2025-11-27,12.18,10233,USA
INV-712082,SKU947,Mechanical Keyboard,19,2026-02-21,125.83,10171,USA
INV-980255,SKU508,Mechanical Keyboard,6,2025-11-15,127.37,10151,USA
INV-955656,SKU602,Mechanical Keyboard,2,2026-04-12,46.31,10462,USA
INV-566441,SKU826,Gaming Monitor,12,2026-02-13,72.11,10314,UK
INV-625667,SKU703,USB-C Hub,19,2025-12-14,68.59,10373,Australia
INV-464691,SKU402,Webcam 1080p,5,2025-11-26,36.68,10159,USA
INV-732829,SKU563,Desk Pad,12,2026-04-24,62.54,10095,USA
INV-520840,SKU334,Mechanical Keyboard,17,2026-04-11,11.44,10471,UK
INV-584716,SKU795,Mechanical Keyboard,17,2026-02-03,45.28,10232,Australia
INV-843787,SKU137,Webcam 1080p,10,2026-04-27,123.42,10179,USA
INV-738922,SKU238,Desk Pad,17,2026-01-23,46.26,10112,USA
INV-877867,SKU294,Bluetooth Headphones,15,2026-03-20,123.64,10317,UK
INV-419889,SKU626,Bluetooth Headphones,12,2026-03-12,82.08,10496,USA
INV-728203,SKU868,Mechanical Keyboard,16,2026-01-26,132.58,10441,USA
INV-614031,SKU746,Wireless Mouse,19,2026-04-25,88.34,10051,Germany
INV-505732,SKU100,Gaming Monitor,8,2026-02-20,9.3,10267,Canada
INV-834782,SKU660,Bluetooth Headphones,17,2026-03-09,102.94,10294,UK
INV-316915,SKU195,Wireless Mouse,5,2026-01-28,11.5,10385,Germany
INV-753848,SKU812,Gaming Monitor,16,2026-01-05,70.34,10386,Canada
INV-255915,SKU512,Mechanical Keyboard,6,2026-04-07,139.77,10112,USA
INV-236984,SKU637,USB-C Hub,8,2026-03-11,28.95,10100,USA
INV-776874,SKU954,Laptop Stand,18,2026-03-02,61.53,10112,USA
INV-318431,SKU528,Laptop Stand,12,2026-03-29,110.83,10439,USA
INV-812392,SKU334,Mechanical Keyboard,15,2026-01-23,132.93,10080,Canada
INV-761809,SKU448,Bluetooth Headphones,9,2026-04-26,102.29,10186,Australia
INV-232797,SKU855,Wireless Mouse,13,2026-02-24,42.44,10112,Pakistan
INV-967838,SKU969,USB-C Hub,75,2026-04-13,205.64,10001,Canada
INV-109304,SKU580,Webcam 1080p,10,2025-12-08,48.03,10129,USA
INV-225555,SKU938,Gaming Monitor,16,2026-03-23,109.17,10219,USA
INV-506879,SKU495,Mechanical Keyboard,7,2026-02-18,143.33,10053,Australia
INV-432464,SKU450,USB-C Hub,17,2026-04-29,109.6,10342,UK
INV-623277,SKU515,Desk Pad,7,2025-12-16,130.12,10484,Canada
INV-568224,SKU985,USB-C Hub,14,2025-11-25,5.31,10223,Germany
INV-194488,SKU986,Bluetooth Headphones,15,2025-11-21,109.05,10224,Germany
INV-358490,SKU150,Desk Pad,7,2026-03-01,125.29,10384,Australia
INV-437735,SKU180,Gaming Monitor,9,2026-03-02,10.88,10402,USA
INV-457188,SKU135,Desk Pad,19,2026-03-13,131.38,10125,Germany
INV-768036,SKU166,USB-C Hub,16,2026-01-09,42.22,10129,Australia
INV-911624,SKU740,Bluetooth Headphones,8,2026-02-21,101.47,10052,USA
INV-885890,SKU981,Desk Pad,18,2026-02-15,121.05,10171,Canada
INV-762806,SKU766,Wireless Mouse,18,2026-02-20,101.09,10217,USA
INV-481448,SKU856,Bluetooth Headphones,7,2026-02-16,18.38,10159,Pakistan
INV-840957,SKU722,Wireless Mouse,3,2025-12-17,91.47,10197,USA
INV-606289,SKU779,Wireless Mouse,18,2026-01-30,84.69,10415,UK
INV-712495,SKU580,Desk Pad,10,2025-11-18,135.55,10246,USA
INV-812992,SKU567,Desk Pad,7,2026-03-29,63.61,10323,Germany
INV-298017,SKU241,Webcam 1080p,17,2026-02-12,51.56,10438,USA
INV-698029,SKU455,Webcam 1080p,14,2026-03-31,113.73,10202,USA
INV-116365,SKU808,USB-C Hub,3,2025-12-10,64.84,10183,UK
INV-952224,SKU570,Bluetooth Headphones,12,2026-03-18,98.68,10122,Pakistan
INV-820217,SKU720,Webcam 1080p,13,2026-01-28,98.74,10400,USA
INV-871769,SKU987,Wireless Mouse,2,2026-04-29,133.77,10254,USA
INV-771064,SKU690,Webcam 1080p,3,2025-12-31,91.81,10293,Germany
INV-937007,SKU772,Gaming Monitor,5,2025-11-05,77.81,10279,UK
INV-260974,SKU538,USB-C Hub,11,2026-03-02,25.14,10324,Pakistan
INV-332366,SKU630,Bluetooth Headphones,8,2025-12-25,21.78,10371,USA
INV-494411,SKU226,Bluetooth Headphones,12,2025-12-07,27.38,10097,Canada
INV-350319,SKU304,Laptop Stand,7,2025-12-26,29.92,10197,USA
INV-939949,SKU128,Bluetooth Headphones,15,2026-02-10,97.49,10469,USA
INV-134012,SKU544,USB-C Hub,17,2026-02-01,112.44,10394,Canada
INV-766775,SKU818,Gaming Monitor,4,2026-01-12,81.85,10239,UK
INV-532750,SKU563,Bluetooth Headphones,13,2025-12-29,125.21,10143,Germany
INV-645974,SKU379,Laptop Stand,18,2025-11-02,148.73,10096,USA
INV-832558,SKU250,USB-C Hub,1,2026-02-12,123.9,10200,UK
INV-607730,SKU339,Wireless Mouse,16,2025-12-21,105.76,10123,UK
INV-784103,SKU365,Mechanical Keyboard,13,2025-11-30,82.21,10186,Pakistan
INV-132161,SKU793,Mechanical Keyboard,10,2025-11-11,70.08,10325,USA
INV-554529,SKU204,Wireless Mouse,12,2026-02-16,17.24,10463,USA
INV-347066,SKU532,Webcam 1080p,2,2026-01-15,62.91,10348,USA
INV-863977,SKU596,Bluetooth Headphones,3,2026-04-16,136.97,10258,UK
INV-364546,SKU539,Desk Pad,10,2026-01-29,122.16,10147,USA
INV-163190,SKU847,Mechanical Keyboard,2,2026-03-03,36.33,10251,Pakistan
INV-346256,SKU784,Webcam 1080p,13,2026-03-05,72.66,10442,USA
INV-375419,SKU257,Mechanical Keyboard,13,2026-03-02,123.42,10419,Australia
INV-783542,SKU271,Wireless Mouse,18,2026-02-02,14.77,10402,USA
INV-639203,SKU593,Bluetooth Headphones,3,2026-02-11,61.17,10345,Canada
INV-363053,SKU410,Bluetooth Headphones,7,2026-04-11,128.52,10450,Pakistan
INV-165908,SKU502,Webcam 1080p,14,2025-12-01,63.57,10146,USA
INV-227337,SKU768,Wireless Mouse,17,2025-12-22,16.25,10147,Pakistan
INV-909052,SKU869,Webcam 1080p,12,2026-01-28,83.67,10351,UK
INV-134112,SKU775,Bluetooth Headphones,16,2026-01-15,129.95,10198,Pakistan
INV-829411,SKU758,Desk Pad,12,2026-03-09,90.59,10307,Canada
INV-102431,SKU765,Bluetooth Headphones,15,2025-11-22,37.81,10488,USA
INV-186590,SKU562,USB-C Hub,10,2025-12-10,60.71,10416,USA
INV-948607,SKU466,Desk Pad,7,2026-02-09,70.27,10423,USA
INV-741760,SKU649,Webcam 1080p,5,2026-02-19,88.99,10127,USA
INV-394768,SKU742,USB-C Hub,5,2026-04-20,230.22,10038,USA
INV-307193,SKU969,Wireless Mouse,17,2026-01-04,19.34,10337,USA
INV-161264,SKU354,Gaming Monitor,3,2026-04-19,134.0,10359,UK
INV-787318,SKU307,Mechanical Keyboard,13,2026-03-29,6.78,10128,Germany
INV-462355,SKU549,USB-C Hub,14,2026-01-18,58.66,10266,USA
INV-743790,SKU194,Mechanical Keyboard,18,2025-11-22,8.98,10475,USA
INV-543148,SKU959,Laptop Stand,4,2026-04-15,61.98,10440,Canada
INV-330395,SKU938,Wireless Mouse,18,2026-02-07,81.24,10472,USA
INV-406369,SKU577,Gaming Monitor,5,2025-11-08,79.19,10433,USA
INV-756763,SKU782,Laptop Stand,16,2026-04-24,29.02,10150,USA
INV-305463,SKU861,Laptop Stand,1,2025-11-17,98.63,10414,Pakistan
INV-269708,SKU289,Bluetooth Headphones,14,2025-11-17,11.49,10477,Australia
INV-897271,SKU810,Laptop Stand,15,2026-01-29,115.48,10297,USA
INV-859994,SKU583,Wireless Mouse,9,2026-03-21,142.26,10098,Canada
INV-278901,SKU832,USB-C Hub,15,2026-03-25,54.27,10262,UK
INV-240302,SKU635,Wireless Mouse,17,2026-04-15,80.0,10251,Canada
INV-676265,SKU855,USB-C Hub,4,2026-01-20,59.94,10143,Canada
INV-533448,SKU522,Laptop Stand,12,2026-01-17,5.97,10345,Canada
INV-999482,SKU935,Laptop Stand,5,2026-04-22,60.95,10111,USA
INV-594523,SKU739,Desk Pad,5,2025-11-06,119.8,10499,USA
INV-325864,SKU704,Gaming Monitor,11,2026-04-12,91.42,10059,UK
INV-649939,SKU911,USB-C Hub,6,2026-02-18,19.68,10368,Australia
INV-722207,SKU232,Laptop Stand,35,2026-04-28,255.68,10001,UK
INV-402107,SKU154,Bluetooth Headphones,14,2026-01-11,82.01,10384,Australia
INV-811232,SKU609,Desk Pad,11,2026-03-23,127.05,10303,Pakistan
INV-742064,SKU769,Mechanical Keyboard,13,2025-12-24,89.13,10253,USA
INV-965630,SKU640,Desk Pad,2,2025-11-27,86.15,10139,Canada
INV-244811,SKU509,Gaming Monitor,7,2025-11-13,20.26,10452,Canada
INV-230697,SKU310,Wireless Mouse,20,2026-03-31,58.54,10036,Pakistan
INV-949726,SKU765,Gaming Monitor,8,2026-04-12,145.94,10159,Pakistan
INV-279428,SKU392,Mechanical Keyboard,95,2026-04-27,76.26,10008,Canada
INV-626077,SKU833,Desk Pad,13,2025-11-06,146.73,10232,USA
INV-975729,SKU214,USB-C Hub,14,2025-12-28,82.13,10098,Germany
INV-861262,SKU769,Wireless Mouse,10,2025-12-19,24.69,10146,USA
INV-361413,SKU358,Wireless Mouse,11,2026-03-31,19.4,10303,Germany
INV-268678,SKU862,USB-C Hub,2,2026-04-11,35.29,10207,Pakistan
INV-531856,SKU221,Webcam 1080p,9,2025-11-26,139.22,10130,USA
INV-668423,SKU398,Webcam 1080p,17,2025-12-17,65.05,10403,Canada
INV-137067,SKU874,Gaming Monitor,3,2025-11-05,62.34,10151,UK
INV-903789,SKU480,Laptop Stand,6,2025-11-20,50.41,10053,UK
INV-270923,SKU660,Webcam 1080p,5,2026-03-14,26.32,10119,USA
INV-400406,SKU988,Gaming Monitor,5,2025-12-29,75.74,10160,Germany
INV-617961,SKU940,Webcam 1080p,15,2026-03-26,23.86,10407,Pakistan
INV-307925,SKU600,Mechanical Keyboard,17,2026-03-12,126.14,10115,Pakistan
INV-945075,SKU396,Bluetooth Headphones,9,2025-11-17,58.71,10074,USA
INV-514750,SKU461,Laptop Stand,3,2025-11-14,59.35,10112,Australia
INV-977702,SKU688,Gaming Monitor,17,2025-11-13,73.73,10455,Germany
INV-594649,SKU562,Bluetooth Headphones,10,2026-03-15,69.4,10419,USA
INV-263944,SKU537,Bluetooth Headphones,3,2026-03-08,149.25,10421,USA
INV-598953,SKU226,Desk Pad,18,2025-12-14,84.08,10103,USA
INV-693391,SKU296,Webcam 1080p,18,2026-02-27,17.79,10339,Pakistan
INV-972700,SKU320,Desk Pad,17,2026-03-23,93.0,10253,Canada
INV-710598,SKU190,USB-C Hub,3,2025-11-19,26.98,10226,Germany
INV-581947,SKU510,Mechanical Keyboard,3,2026-01-02,9.49,10111,USA
INV-609085,SKU107,Mechanical Keyboard,6,2026-04-12,145.76,10472,Germany
INV-661700,SKU643,Mechanical Keyboard,13,2026-01-20,117.16,10098,USA
INV-409878,SKU567,Laptop Stand,15,2026-04-12,147.12,10152,USA
INV-602850,SKU419,Wireless Mouse,9,2026-03-27,74.29,10348,Canada
INV-449937,SKU493,Laptop Stand,4,2026-03-28,82.18,10401,USA
INV-825290,SKU368,Gaming Monitor,14,2026-02-08,29.41,10383,Australia
INV-595054,SKU290,Bluetooth Headphones,5,2026-04-12,40.8,10365,USA
INV-122228,SKU960,Bluetooth Headphones,2,2026-04-09,126.59,10337,Canada
INV-220627,SKU774,Desk Pad,11,2026-03-02,56.65,10193,UK
INV-440068,SKU160,Wireless Mouse,9,2026-04-25,124.89,10309,UK
INV-635607,SKU537,Gaming Monitor,3,2025-12-14,107.81,10162,USA
INV-106475,SKU363,Wireless Mouse,9,2026-02-12,30.69,10207,USA
INV-852451,SKU896,Bluetooth Headphones,3,2026-04-01,78.58,10444,Pakistan
INV-770088,SKU194,Webcam 1080p,2,2025-12-31,103.22,10168,USA
INV-341382,SKU652,Laptop Stand,12,2026-03-05,39.08,10483,Australia
INV-915977,SKU569,Mechanical Keyboard,10,2026-03-25,125.45,10160,Pakistan
INV-458780,SKU760,Bluetooth Headphones,9,2026-01-10,84.0,10067,USA
INV-616187,SKU815,USB-C Hub,15,2026-02-15,28.96,10288,USA
INV-853772,SKU878,Mechanical Keyboard,8,2025-12-20,89.53,10397,Canada
INV-817116,SKU613,Bluetooth Headphones,5,2026-01-04,149.96,10276,Pakistan
INV-824135,SKU789,Laptop Stand,11,2026-02-07,26.83,10303,Pakistan
INV-531915,SKU293,Wireless Mouse,2,2025-12-02,123.43,10403,UK
INV-530037,SKU581,Webcam 1080p,15,2026-04-13,35.06,10383,Germany
INV-392759,SKU998,Webcam 1080p,6,2026-03-21,118.45,10391,USA
INV-900178,SKU435,Mechanical Keyboard,8,2025-12-28,111.51,10134,Pakistan
INV-579673,SKU534,Laptop Stand,5,2026-03-08,48.57,10194,Pakistan
INV-778105,SKU295,Webcam 1080p,16,2026-03-22,52.24,10400,USA
INV-363389,SKU954,Webcam 1080p,18,2026-04-14,119.92,10127,USA
INV-217408,SKU348,Gaming Monitor,30,2026-04-10,143.82,10032,USA
INV-736431,SKU597,USB-C Hub,5,2026-01-07,110.97,10175,USA
INV-389776,SKU311,Mechanical Keyboard,16,2025-12-10,26.46,10459,Australia
INV-899288,SKU764,Wireless Mouse,13,2026-03-24,128.62,10442,USA
INV-287965,SKU769,Webcam 1080p,5,2026-03-12,108.08,10370,USA
INV-332298,SKU565,Gaming Monitor,13,2026-04-22,136.51,10469,USA
INV-692337,SKU973,Laptop Stand,17,2026-01-29,24.19,10374,Pakistan
INV-944614,SKU750,Webcam 1080p,90,2026-04-27,181.98,10021,Canada
INV-853241,SKU320,Desk Pad,8,2026-02-04,91.87,10237,UK
INV-834791,SKU372,USB-C Hub,13,2025-12-01,56.25,10157,USA
INV-795109,SKU253,Wireless Mouse,95,2026-04-24,142.96,10037,Pakistan
INV-304829,SKU348,Laptop Stand,3,2026-03-16,10.51,10229,Australia
INV-417798,SKU378,Laptop Stand,8,2025-11-24,113.15,10364,USA
INV-302646,SKU539,Mechanical Keyboard,10,2026-04-02,169.3,10050,USA
INV-590783,SKU915,Webcam 1080p,8,2026-04-20,13.37,10437,USA
INV-941813,SKU375,Mechanical Keyboard,13,2026-04-08,103.71,10263,USA
INV-158601,SKU613,Wireless Mouse,13,2025-12-15,72.68,10282,UK
INV-246154,SKU187,Desk Pad,5,2026-04-18,20.0,10026,Pakistan
INV-770008,SKU898,Webcam 1080p,6,2026-01-10,145.59,10225,UK
INV-886796,SKU741,Bluetooth Headphones,19,2026-02-16,142.62,10276,Australia
INV-265640,SKU604,Webcam 1080p,16,2026-02-23,79.37,10285,UK
INV-564710,SKU689,Desk Pad,8,2026-02-11,18.58,10096,Germany
INV-829992,SKU871,Bluetooth Headphones,1,2026-03-05,114.42,10283,Germany
INV-369580,SKU340,Laptop Stand,16,2025-12-27,76.33,10366,USA
INV-448857,SKU752,Mechanical Keyboard,9,2025-11-30,48.85,10447,USA
INV-946626,SKU839,USB-C Hub,13,2026-03-26,76.26,10480,Canada
INV-124544,SKU774,Webcam 1080p,11,2026-02-22,80.75,10452,USA
INV-163295,SKU335,USB-C Hub,13,2026-02-25,86.59,10316,USA
INV-505854,SKU227,Webcam 1080p,10,2026-04-16,68.98,10303,UK
INV-821075,SKU602,Laptop Stand,4,2025-12-30,92.83,10146,Pakistan
INV-169409,SKU299,Mechanical Keyboard,30,2026-04-17,276.44,10003,UK
INV-874008,SKU642,Wireless Mouse,35,2026-04-19,115.06,10034,Australia
INV-621998,SKU601,Wireless Mouse,5,2026-03-06,110.23,10191,UK
INV-751127,SKU749,Wireless Mouse,55,2026-04-27,269.4,10048,Germany
INV-475903,SKU591,Webcam 1080p,65,2026-04-01,142.24,10016,UK
INV-379301,SKU120,Webcam 1080p,19,2026-02-02,69.3,10171,Australia
INV-276637,SKU333,USB-C Hub,10,2026-03-14,92.31,10219,UK
INV-825356,SKU813,Mechanical Keyboard,10,2026-03-02,90.75,10157,Canada
INV-690176,SKU890,Desk Pad,11,2026-02-16,121.96,10476,Canada
INV-287167,SKU742,Webcam 1080p,35,2026-04-28,148.18,10045,UK
INV-951379,SKU515,Mechanical Keyboard,18,2026-02-01,149.44,10372,USA
INV-580338,SKU247,USB-C Hub,20,2026-04-24,27.24,10005,USA
INV-957312,SKU128,Webcam 1080p,2,2025-11-06,5.46,10098,USA
INV-104507,SKU460,Wireless Mouse,14,2025-12-02,97.83,10379,Australia
INV-989566,SKU407,Wireless Mouse,13,2026-02-14,48.27,10232,USA
INV-143988,SKU982,Laptop Stand,60,2026-04-27,79.72,10036,USA
INV-460565,SKU261,Bluetooth Headphones,7,2025-11-15,50.23,10279,Germany
INV-772225,SKU968,Gaming Monitor,2,2026-04-17,42.13,10348,USA
INV-464735,SKU951,Desk Pad,13,2026-03-02,9.46,10496,UK
INV-491758,SKU160,Bluetooth Headphones,14,2026-02-04,145.87,10301,USA
INV-127213,SKU224,Webcam 1080p,17,2025-11-06,37.01,10180,Pakistan
INV-157450,SKU555,Mechanical Keyboard,9,2026-02-20,111.43,10094,Australia
INV-497693,SKU170,Webcam 1080p,17,2026-02-28,115.58,10098,Australia
INV-686510,SKU937,Mechanical Keyboard,8,2026-03-03,139.74,10187,UK
INV-618728,SKU975,Mechanical Keyboard,2,2026-01-06,9.43,10480,Germany
INV-778756,SKU565,Bluetooth Headphones,13,2026-02-14,131.45,10115,USA
INV-112755,SKU342,Gaming Monitor,3,2026-03-19,81.45,10190,USA
INV-756225,SKU589,Laptop Stand,16,2025-12-13,96.72,10252,USA
INV-242245,SKU860,Bluetooth Headphones,6,2026-03-25,98.45,10468,UK
INV-289977,SKU320,Gaming Monitor,19,2026-02-04,123.87,10415,UK
INV-269169,SKU572,Wireless Mouse,7,2026-03-12,53.34,10470,UK
INV-395515,SKU632,Wireless Mouse,10,2026-01-20,111.29,10160,USA
INV-335132,SKU593,Mechanical Keyboard,9,2025-12-11,81.64,10255,UK
INV-504470,SKU998,USB-C Hub,2,2026-03-13,120.04,10322,Germany
INV-235090,SKU181,Webcam 1080p,15,2026-04-09,148.63,10127,UK
INV-891624,SKU955,Webcam 1080p,25,2026-04-25,68.18,10017,Germany
INV-888447,SKU978,Mechanical Keyboard,4,2025-11-22,149.22,10280,USA
INV-994586,SKU621,USB-C Hub,4,2026-03-30,18.02,10489,Australia
INV-824276,SKU111,Desk Pad,18,2026-02-20,5.34,10222,UK
INV-652631,SKU362,Gaming Monitor,4,2025-11-11,11.4,10053,USA
INV-955738,SKU756,Desk Pad,17,2025-11-03,54.56,10057,USA
INV-105829,SKU548,Desk Pad,12,2026-03-17,96.77,10322,Canada
INV-658669,SKU291,Wireless Mouse,17,2025-12-30,15.01,10359,Australia
INV-997883,SKU861,Desk Pad,10,2026-01-15,5.82,10173,UK
INV-312153,SKU213,Webcam 1080p,1,2026-01-26,140.88,10279,USA
INV-380407,SKU125,Bluetooth Headphones,18,2025-11-14,124.18,10113,Australia
INV-859036,SKU882,USB-C Hub,18,2025-11-18,122.33,10287,Canada
INV-546476,SKU598,Gaming Monitor,14,2026-02-21,133.24,10430,UK
INV-584427,SKU607,Wireless Mouse,15,2026-01-12,106.5,10341,UK
INV-420562,SKU644,Desk Pad,12,2025-11-23,20.14,10150,USA
INV-846258,SKU161,Bluetooth Headphones,4,2026-01-22,62.87,10449,Canada
INV-624436,SKU328,USB-C Hub,3,2026-03-05,109.86,10126,USA
INV-913177,SKU914,Mechanical Keyboard,12,2026-04-24,45.65,10154,Pakistan
INV-697202,SKU706,Mechanical Keyboard,7,2026-01-08,104.67,10489,UK
INV-605111,SKU134,Mechanical Keyboard,11,2025-12-17,8.55,10385,UK
INV-160653,SKU804,Webcam 1080p,1,2026-02-24,49.39,10473,UK
INV-847895,SKU555,Gaming Monitor,6,2025-11-30,84.62,10272,Pakistan
INV-292593,SKU687,Mechanical Keyboard,15,2025-11-25,96.65,10103,Australia
INV-440459,SKU990,Webcam 1080p,15,2026-04-05,88.67,10416,UK
INV-393219,SKU601,Laptop Stand,19,2026-02-20,106.17,10392,Germany
INV-109795,SKU860,Webcam 1080p,11,2025-11-25,5.88,10298,UK
INV-688843,SKU694,Wireless Mouse,2,2026-01-13,19.64,10245,UK
INV-335068,SKU124,Webcam 1080p,14,2025-12-28,131.0,10175,USA
INV-562970,SKU668,Gaming Monitor,10,2026-04-06,207.7,10038,UK
INV-727395,SKU131,Bluetooth Headphones,4,2026-02-27,21.38,10476,USA
INV-413673,SKU930,Desk Pad,17,2026-03-07,127.1,10169,Pakistan
INV-547454,SKU111,Webcam 1080p,3,2026-04-18,40.12,10246,USA
INV-851938,SKU418,Mechanical Keyboard,65,2026-04-07,148.7,10025,Pakistan
INV-267022,SKU944,Wireless Mouse,9,2026-01-17,26.05,10354,UK
INV-111009,SKU703,USB-C Hub,7,2026-02-07,107.97,10305,Canada
INV-278168,SKU100,Mechanical Keyboard,15,2026-02-24,101.69,10408,UK
INV-774904,SKU534,Wireless Mouse,11,2025-12-18,35.61,10407,USA
INV-653669,SKU937,Laptop Stand,10,2026-04-18,260.38,10012,USA
INV-489913,SKU235,Desk Pad,15,2026-02-07,63.19,10315,USA
INV-426754,SKU295,USB-C Hub,14,2025-11-11,47.41,10390,Canada
INV-168122,SKU232,Laptop Stand,11,2026-01-24,27.09,10312,UK
INV-430328,SKU185,Bluetooth Headphones,15,2026-04-21,87.18,10035,Germany
INV-533297,SKU575,Wireless Mouse,17,2026-04-22,8.19,10172,USA
INV-314709,SKU906,Laptop Stand,60,2026-04-14,179.14,10019,USA
INV-711516,SKU890,Desk Pad,15,2026-03-06,127.12,10320,UK
INV-959375,SKU423,Desk Pad,16,2026-01-03,84.6,10263,Pakistan
INV-705058,SKU279,Bluetooth Headphones,5,2025-11-02,36.79,10493,Germany
INV-152726,SKU615,Desk Pad,6,2026-01-15,9.88,10399,UK
INV-515427,SKU737,Wireless Mouse,19,2026-03-01,36.12,10141,UK
INV-934212,SKU274,Wireless Mouse,5,2025-12-12,65.34,10459,USA
INV-288210,SKU862,Desk Pad,3,2025-12-24,115.14,10370,Pakistan
INV-845742,SKU120,Laptop Stand,1,2026-01-14,32.24,10470,Canada
INV-404647,SKU204,Wireless Mouse,6,2025-11-16,109.37,10142,USA
INV-944325,SKU677,Mechanical Keyboard,15,2025-11-18,130.71,10091,UK
INV-277265,SKU542,Desk Pad,2,2026-01-29,70.82,10353,USA
INV-869362,SKU874,Wireless Mouse,3,2026-03-24,124.11,10321,Pakistan
INV-620759,SKU148,Gaming Monitor,17,2025-11-06,85.43,10287,USA
INV-947790,SKU627,Bluetooth Headphones,12,2026-02-16,97.38,10214,Canada
INV-180857,SKU244,Desk Pad,18,2026-04-24,81.31,10446,USA
INV-482601,SKU439,Wireless Mouse,15,2025-12-18,72.16,10341,Germany
INV-359405,SKU861,Gaming Monitor,60,2026-04-09,78.04,10050,Germany
INV-290128,SKU954,Wireless Mouse,16,2026-01-15,48.96,10152,Canada
INV-742216,SKU453,Wireless Mouse,8,2026-01-16,47.05,10185,Canada
INV-682994,SKU174,Laptop Stand,14,2026-03-12,86.68,10062,Australia
INV-444950,SKU901,Mechanical Keyboard,17,2026-03-10,22.39,10189,USA
INV-679294,SKU893,Desk Pad,8,2025-12-29,137.93,10124,USA
INV-711526,SKU677,Bluetooth Headphones,15,2026-04-04,109.49,10149,USA
INV-348018,SKU736,Desk Pad,14,2025-11-27,63.21,10313,Pakistan
INV-563134,SKU418,Mechanical Keyboard,18,2026-01-18,28.0,10057,USA
INV-818515,SKU186,USB-C Hub,7,2026-01-11,132.89,10341,Germany
INV-932230,SKU652,Laptop Stand,3,2025-11-07,124.45,10304,Canada
INV-177271,SKU797,Laptop Stand,12,2026-02-19,109.65,10179,USA
INV-916609,SKU965,Mechanical Keyboard,3,2026-02-27,44.37,10169,USA
INV-589464,SKU991,Webcam 1080p,14,2026-04-23,63.35,10325,USA
INV-490166,SKU946,Laptop Stand,15,2026-01-02,19.9,10270,UK
INV-615631,SKU877,Desk Pad,14,2026-03-04,32.41,10053,USA
INV-444359,SKU882,Mechanical Keyboard,7,2025-11-12,118.54,10490,USA
INV-143013,SKU141,Laptop Stand,17,2026-03-21,108.68,10443,Australia
INV-706888,SKU192,Wireless Mouse,12,2025-12-13,91.06,10100,Pakistan
INV-458243,SKU796,Mechanical Keyboard,4,2025-11-17,134.88,10480,USA
INV-415594,SKU826,Mechanical Keyboard,9,2026-01-02,89.57,10263,USA
INV-541144,SKU606,Desk Pad,6,2026-02-28,72.71,10052,USA
INV-484784,SKU628,Gaming Monitor,16,2025-12-06,54.35,10059,Canada
INV-978835,SKU364,Laptop Stand,2,2025-11-08,141.37,10491,Australia
INV-538598,SKU725,Laptop Stand,8,2026-01-08,16.99,10107,USA
INV-723578,SKU391,Mechanical Keyboard,55,2026-04-21,279.96,10004,USA
INV-316110,SKU563,Wireless Mouse,13,2025-12-06,124.87,10102,Germany
INV-231832,SKU903,Wireless Mouse,17,2025-11-28,23.84,10195,Canada
INV-124142,SKU659,Bluetooth Headphones,8,2026-02-26,86.92,10261,USA
INV-472333,SKU918,Wireless Mouse,18,2026-02-01,130.65,10364,Canada
INV-993964,SKU196,Laptop Stand,18,2026-04-24,87.91,10479,USA
INV-231436,SKU986,Webcam 1080p,14,2026-01-15,136.54,10371,USA
INV-943353,SKU194,Gaming Monitor,15,2026-02-09,141.73,10349,Germany
INV-381941,SKU425,Mechanical Keyboard,30,2026-04-28,132.5,10046,Australia
INV-337403,SKU173,USB-C Hub,11,2026-03-31,59.71,10354,UK
INV-656823,SKU435,Gaming Monitor,13,2026-03-24,140.77,10310,Pakistan
INV-408444,SKU167,Desk Pad,1,2025-11-14,102.9,10423,UK
INV-933608,SKU857,Desk Pad,6,2026-01-10,21.82,10307,Germany
INV-116105,SKU176,Webcam 1080p,9,2026-04-29,11.13,10143,UK
INV-763299,SKU307,USB-C Hub,8,2026-03-04,86.87,10268,Australia
INV-703760,SKU983,Gaming Monitor,11,2026-03-05,139.87,10369,Pakistan
INV-797389,SKU865,Wireless Mouse,19,2025-12-07,127.42,10123,USA
INV-771223,SKU320,Laptop Stand,9,2025-11-29,103.0,10105,Pakistan
INV-178097,SKU361,Webcam 1080p,17,2026-03-23,25.17,10157,Australia
INV-361674,SKU509,USB-C Hub,12,2026-04-24,41.86,10146,Germany
INV-241519,SKU430,Webcam 1080p,14,2026-04-23,131.95,10144,USA
INV-720448,SKU443,Gaming Monitor,15,2026-04-29,31.51,10119,Australia
INV-146940,SKU870,Laptop Stand,16,2025-11-19,45.37,10318,Australia
INV-833307,SKU919,Webcam 1080p,1,2026-02-14,23.79,10274,USA
INV-185001,SKU173,USB-C Hub,10,2025-11-21,103.04,10091,Pakistan
INV-859112,SKU736,Mechanical Keyboard,8,2026-01-03,141.88,10057,USA
INV-775002,SKU799,Gaming Monitor,18,2026-04-14,44.0,10438,USA
INV-852158,SKU353,Mechanical Keyboard,1,2025-11-27,73.93,10345,UK
INV-851259,SKU932,Wireless Mouse,2,2025-12-25,96.98,10228,UK
INV-298715,SKU919,Mechanical Keyboard,1,2025-11-29,149.92,10473,Canada
INV-107928,SKU846,Mechanical Keyboard,1,2026-03-28,20.2,10116,USA
INV-672290,SKU861,Bluetooth Headphones,9,2025-11-25,77.29,10317,Pakistan
INV-446997,SKU431,Gaming Monitor,13,2026-01-09,60.84,10278,USA
INV-738902,SKU497,Wireless Mouse,1,2026-01-02,130.54,10126,USA
INV-217517,SKU444,Mechanical Keyboard,13,2026-04-13,74.02,10392,USA
INV-256089,SKU683,Desk Pad,7,2026-03-10,21.09,10395,UK
INV-179064,SKU846,Laptop Stand,2,2026-03-30,96.99,10128,Pakistan
INV-506529,SKU935,USB-C Hub,6,2025-11-16,116.76,10057,Canada
INV-494775,SKU767,Mechanical Keyboard,7,2026-03-26,5.42,10121,Australia
INV-150893,SKU554,Wireless Mouse,70,2026-03-31,259.1,10000,USA
INV-377311,SKU214,Mechanical Keyboard,18,2025-11-30,31.97,10238,UK
INV-662886,SKU412,USB-C Hub,15,2025-12-15,85.05,10289,UK
INV-238595,SKU327,Wireless Mouse,2,2025-11-19,65.29,10095,UK
INV-936209,SKU933,Gaming Monitor,10,2025-12-04,109.35,10125,USA
INV-521655,SKU957,Wireless Mouse,12,2026-03-21,58.82,10117,Canada
INV-478522,SKU344,Gaming Monitor,85,2026-04-05,262.24,10047,UK
INV-181060,SKU917,Wireless Mouse,8,2026-01-01,110.92,10088,Germany
INV-899717,SKU625,Desk Pad,11,2026-02-26,98.92,10487,UK
INV-504189,SKU627,Webcam 1080p,3,2026-02-08,120.45,10236,USA
INV-485114,SKU526,USB-C Hub,6,2025-11-22,114.33,10372,Canada
INV-646982,SKU141,USB-C Hub,9,2026-04-29,10.21,10384,USA
INV-361401,SKU564,Wireless Mouse,6,2026-04-29,62.24,10271,Australia
INV-871136,SKU721,Webcam 1080p,9,2026-02-19,139.97,10188,Canada
INV-777751,SKU377,Mechanical Keyboard,7,2026-04-13,23.23,10486,USA
INV-891043,SKU935,USB-C Hub,9,2026-01-12,111.88,10191,Pakistan
INV-633660,SKU118,Desk Pad,18,2026-03-27,146.32,10446,UK
INV-255384,SKU165,Gaming Monitor,12,2025-12-08,12.57,10068,USA
INV-245152,SKU266,Gaming Monitor,8,2026-01-09,103.92,10277,Canada
INV-967050,SKU684,Laptop Stand,8,2026-02-24,72.88,10348,USA
INV-737233,SKU502,Bluetooth Headphones,18,2026-01-18,88.98,10246,Australia
INV-994829,SKU921,Webcam 1080p,15,2026-03-28,17.37,10450,Australia
INV-720501,SKU508,Bluetooth Headphones,7,2025-11-09,11.24,10075,Pakistan
INV-120874,SKU211,Bluetooth Headphones,11,2025-12-02,101.7,10153,UK
INV-555753,SKU373,Gaming Monitor,16,2026-03-12,124.38,10143,UK
INV-829274,SKU506,Desk Pad,4,2025-12-20,118.39,10434,Germany
INV-494813,SKU472,Desk Pad,6,2026-01-21,83.85,10484,USA
INV-635888,SKU696,Laptop Stand,3,2025-11-05,19.48,10085,UK
INV-965847,SKU750,Bluetooth Headphones,9,2026-03-28,104.77,10184,UK
INV-872718,SKU138,Bluetooth Headphones,10,2026-01-26,40.07,10284,USA
INV-571769,SKU204,Wireless Mouse,14,2026-03-06,137.1,10461,UK
INV-780175,SKU423,Wireless Mouse,11,2026-01-14,126.55,10219,Australia
INV-839860,SKU892,Wireless Mouse,18,2026-04-14,107.86,10068,Australia
INV-718636,SKU513,Mechanical Keyboard,60,2026-04-12,285.16,10046,USA
INV-205736,SKU528,Bluetooth Headphones,12,2026-01-07,9.56,10496,USA
INV-911146,SKU734,Desk Pad,13,2025-12-14,111.75,10093,USA
INV-512106,SKU829,Desk Pad,13,2025-12-04,52.89,10237,Australia
INV-555040,SKU988,Mechanical Keyboard,19,2026-01-16,136.38,10445,USA
INV-235797,SKU160,Desk Pad,19,2025-12-12,43.67,10499,Germany
INV-536421,SKU711,Laptop Stand,14,2026-03-17,110.1,10452,USA
INV-776044,SKU406,Webcam 1080p,4,2026-02-14,132.26,10203,Canada
INV-585077,SKU453,Gaming Monitor,13,2026-02-03,11.04,10399,USA
INV-735861,SKU492,Bluetooth Headphones,8,2026-03-15,62.66,10217,Germany
INV-375236,SKU303,Desk Pad,19,2026-01-07,115.53,10473,USA
INV-458062,SKU357,Gaming Monitor,12,2026-03-27,70.96,10431,Canada
INV-125457,SKU585,Desk Pad,18,2026-04-08,43.75,10340,USA
INV-958099,SKU616,Webcam 1080p,30,2026-04-13,73.74,10038,Germany
INV-452895,SKU545,Wireless Mouse,18,2026-04-12,24.07,10099,Australia
INV-162894,SKU808,Bluetooth Headphones,19,2026-01-24,129.28,10288,USA
INV-685593,SKU279,USB-C Hub,5,2026-04-08,88.43,10253,Australia
INV-767972,SKU441,Mechanical Keyboard,9,2026-01-22,16.08,10221,UK
INV-858201,SKU232,Mechanical Keyboard,3,2026-02-03,60.47,10356,USA
INV-309699,SKU542,Bluetooth Headphones,50,2026-04-02,116.64,10022,UK
INV-938569,SKU935,Webcam 1080p,19,2026-01-05,31.35,10249,USA
INV-100559,SKU352,Wireless Mouse,15,2026-04-10,136.3,10009,Germany
INV-952681,SKU364,Mechanical Keyboard,15,2026-03-18,53.15,10245,Germany
INV-137361,SKU192,Wireless Mouse,1,2026-03-10,54.56,10324,USA
INV-967152,SKU761,Laptop Stand,7,2025-12-30,112.16,10099,UK
INV-901693,SKU510,Gaming Monitor,12,2025-11-17,37.37,10289,Australia
INV-906804,SKU237,Webcam 1080p,17,2026-02-04,98.07,10179,Pakistan
INV-417499,SKU307,USB-C Hub,5,2026-03-24,87.74,10222,UK
INV-853036,SKU736,Gaming Monitor,4,2025-11-16,87.37,10393,Pakistan
INV-460704,SKU845,Gaming Monitor,12,2025-12-16,101.14,10249,UK
INV-813280,SKU672,Laptop Stand,18,2026-04-16,84.52,10146,USA
INV-343950,SKU406,Mechanical Keyboard,17,2026-04-08,132.49,10441,Australia
INV-525760,SKU365,USB-C Hub,19,2026-02-15,102.96,10095,UK
INV-100037,SKU745,Mechanical Keyboard,9,2026-01-27,84.31,10256,UK
INV-798392,SKU417,Bluetooth Headphones,4,2026-03-09,125.32,10324,UK
INV-571449,SKU212,Gaming Monitor,2,2026-03-19,92.89,10492,Australia
INV-403564,SKU477,Bluetooth Headphones,20,2026-04-02,94.44,10003,Australia
INV-607450,SKU553,Wireless Mouse,10,2026-04-18,70.06,10015,UK
INV-721531,SKU290,Gaming Monitor,15,2025-11-04,27.09,10279,USA
INV-753668,SKU990,Mechanical Keyboard,2,2026-01-10,135.42,10335,UK
INV-358430,SKU539,Gaming Monitor,4,2026-04-03,107.97,10246,UK
INV-658888,SKU286,Wireless Mouse,6,2026-02-19,140.92,10257,USA
INV-803645,SKU930,Laptop Stand,7,2025-12-20,92.48,10496,Germany
INV-817368,SKU466,Bluetooth Headphones,10,2026-03-20,73.64,10475,UK
INV-975952,SKU188,Desk Pad,19,2026-02-03,13.66,10383,USA
INV-891599,SKU286,Bluetooth Headphones,19,2026-01-31,102.39,10159,USA
INV-357351,SKU918,Mechanical Keyboard,12,2026-01-04,89.42,10474,USA
INV-624720,SKU231,Gaming Monitor,3,2025-12-17,148.58,10339,Pakistan
INV-885838,SKU971,Mechanical Keyboard,13,2026-02-14,39.68,10151,USA
INV-693975,SKU734,Laptop Stand,18,2026-03-10,81.96,10395,USA
INV-868576,SKU659,Gaming Monitor,8,2026-02-14,99.39,10177,UK
INV-958379,SKU899,Desk Pad,15,2025-11-24,98.47,10162,USA
INV-982756,SKU475,Gaming Monitor,1,2025-11-04,86.39,10379,USA
INV-937335,SKU790,Desk Pad,15,2026-04-09,235.3,10032,USA
INV-585375,SKU791,Mechanical Keyboard,8,2025-11-19,34.72,10416,UK
INV-285221,SKU198,Mechanical Keyboard,4,2026-04-03,110.22,10444,UK
INV-843000,SKU941,Wireless Mouse,16,2025-12-10,94.86,10178,USA
INV-287840,SKU133,Webcam 1080p,10,2025-12-20,134.93,10426,UK
INV-553400,SKU681,Webcam 1080p,12,2026-04-20,127.84,10100,Pakistan
INV-952224,SKU270,Laptop Stand,14,2026-01-14,50.7,10267,USA
INV-395583,SKU465,Webcam 1080p,14,2025-11-12,45.05,10322,USA
INV-264329,SKU883,Wireless Mouse,2,2025-11-27,147.34,10064,USA
INV-275746,SKU158,Bluetooth Headphones,5,2026-02-21,81.45,10416,UK
INV-413392,SKU280,Desk Pad,5,2025-12-19,136.43,10167,Germany
INV-576818,SKU118,Gaming Monitor,6,2026-03-24,28.76,10329,USA
INV-800731,SKU325,Mechanical Keyboard,65,2026-04-26,196.42,10042,Germany
INV-853642,SKU572,Gaming Monitor,45,2026-04-14,244.86,10043,USA
INV-561212,SKU194,Gaming Monitor,15,2025-11-30,142.37,10284,UK
INV-792657,SKU980,USB-C Hub,14,2026-01-23,53.91,10396,Germany
INV-554472,SKU396,Bluetooth Headphones,35,2026-04-10,220.24,10011,USA
INV-659031,SKU692,USB-C Hub,2,2025-11-28,83.13,10094,UK
INV-299824,SKU274,Webcam 1080p,7,2025-11-25,13.79,10301,USA
INV-704091,SKU321,Gaming Monitor,6,2026-02-04,105.05,10385,Germany
INV-961549,SKU714,Desk Pad,17,2026-03-05,105.06,10252,USA
INV-301123,SKU153,Mechanical Keyboard,2,2025-11-10,139.94,10498,Australia
INV-122076,SKU794,Desk Pad,3,2025-12-12,77.11,10241,USA
INV-341424,SKU962,Gaming Monitor,25,2026-04-14,76.78,10034,Australia
INV-306384,SKU502,Bluetooth Headphones,5,2026-01-16,11.46,10214,USA
INV-350699,SKU417,Desk Pad,1,2026-02-13,65.27,10336,Germany
INV-973915,SKU966,USB-C Hub,8,2026-02-26,48.78,10089,USA
INV-758323,SKU448,Mechanical Keyboard,12,2025-12-12,115.36,10263,Pakistan
INV-481361,SKU542,Gaming Monitor,4,2025-12-17,56.37,10092,USA
INV-244938,SKU932,Laptop Stand,13,2026-04-14,142.62,10409,USA
INV-990936,SKU679,Bluetooth Headphones,15,2025-11-22,144.53,10457,UK
INV-263377,SKU639,Bluetooth Headphones,11,2026-02-15,95.03,10089,USA
INV-313968,SKU885,Laptop Stand,10,2025-11-27,139.66,10417,USA
INV-992081,SKU381,Desk Pad,3,2025-12-11,115.32,10114,Pakistan
INV-488388,SKU459,Gaming Monitor,14,2026-01-19,84.29,10104,Pakistan
INV-394957,SKU922,Bluetooth Headphones,16,2026-04-11,31.14,10390,USA
INV-953161,SKU730,Mechanical Keyboard,10,2026-04-09,71.5,10195,Pakistan
INV-890944,SKU991,Gaming Monitor,10,2026-01-28,86.33,10313,UK
INV-350703,SKU745,Gaming Monitor,12,2026-01-05,130.27,10113,USA
INV-515882,SKU740,USB-C Hub,9,2025-11-12,74.79,10492,Germany
INV-247702,SKU107,Bluetooth Headphones,1,2026-04-17,135.16,10074,Canada
INV-217907,SKU662,Bluetooth Headphones,5,2026-01-12,102.78,10412,Pakistan
INV-305591,SKU590,Laptop Stand,8,2026-01-15,24.86,10375,USA
INV-493852,SKU440,USB-C Hub,11,2026-01-29,149.27,10419,Canada
INV-688879,SKU571,Desk Pad,12,2025-11-10,81.45,10216,USA
INV-623869,SKU892,Webcam 1080p,1,2026-02-04,61.82,10276,USA
INV-309633,SKU786,Desk Pad,11,2026-04-25,100.57,10248,USA
INV-568032,SKU794,Desk Pad,5,2025-11-20,20.79,10163,Pakistan
INV-857847,SKU803,USB-C Hub,15,2025-12-09,97.3,10393,Australia
INV-897783,SKU348,Bluetooth Headphones,5,2025-12-30,77.24,10356,Germany
INV-744821,SKU334,Gaming Monitor,12,2026-01-05,63.97,10456,UK
INV-727915,SKU182,USB-C Hub,5,2026-01-04,143.19,10407,USA
INV-548400,SKU192,Laptop Stand,17,2026-04-28,80.77,10191,USA
INV-228381,SKU984,USB-C Hub,17,2026-03-04,36.77,10226,USA
INV-866552,SKU493,Laptop Stand,12,2026-04-13,71.55,10176,USA
INV-457851,SKU923,Desk Pad,15,2026-04-01,138.31,10098,Germany
INV-443822,SKU367,Webcam 1080p,15,2026-04-04,30.53,10495,UK
INV-697597,SKU516,USB-C Hub,30,2026-04-25,72.04,10035,USA
INV-849362,SKU731,Laptop Stand,12,2026-04-08,6.89,10465,USA
INV-897210,SKU682,USB-C Hub,18,2025-12-27,7.06,10496,USA
INV-767861,SKU628,Webcam 1080p,14,2026-01-17,125.26,10486,UK
INV-999145,SKU352,Desk Pad,2,2025-11-29,111.16,10095,Pakistan
INV-588121,SKU221,USB-C Hub,9,2025-11-15,56.48,10151,Canada
INV-136382,SKU991,Mechanical Keyboard,5,2025-11-12,106.26,10150,Australia
INV-846714,SKU109,Laptop Stand,1,2026-02-09,62.3,10189,UK
INV-962219,SKU898,Webcam 1080p,3,2026-04-05,143.17,10223,USA
INV-123341,SKU415,Laptop Stand,30,2026-04-26,290.44,10036,USA
INV-769727,SKU937,Laptop Stand,5,2026-03-05,61.96,10267,Australia
INV-326280,SKU372,Wireless Mouse,5,2026-02-11,128.86,10368,Germany
INV-755354,SKU405,Webcam 1080p,1,2025-11-24,117.1,10182,USA
INV-300940,SKU904,USB-C Hub,85,2026-04-23,99.9,10012,UK
INV-505218,SKU309,Laptop Stand,19,2026-03-18,38.65,10278,UK
INV-883540,SKU829,Bluetooth Headphones,14,2026-02-18,71.44,10216,Canada
INV-710108,SKU852,Wireless Mouse,12,2026-01-17,118.3,10354,Pakistan
INV-159949,SKU985,Mechanical Keyboard,10,2026-02-09,144.22,10360,UK
INV-508916,SKU563,Laptop Stand,18,2026-03-26,115.72,10285,UK
INV-834665,SKU811,Desk Pad,11,2026-03-22,129.01,10272,USA
INV-686831,SKU827,Laptop Stand,2,2026-04-11,92.44,10368,USA
INV-583075,SKU816,Wireless Mouse,18,2026-03-08,126.13,10061,USA
INV-914042,SKU515,USB-C Hub,7,2025-12-28,118.74,10083,USA
INV-886166,SKU315,Bluetooth Headphones,15,2026-01-15,59.66,10367,Germany
INV-612472,SKU179,Desk Pad,11,2026-03-30,85.04,10216,Germany
INV-828734,SKU878,Mechanical Keyboard,18,2025-12-06,121.69,10341,USA
INV-427370,SKU579,Desk Pad,12,2026-04-22,11.68,10396,Australia
INV-931599,SKU990,Laptop Stand,6,2026-04-13,122.17,10186,USA
INV-308851,SKU646,USB-C Hub,65,2026-04-12,61.58,10018,USA
INV-259011,SKU900,Webcam 1080p,16,2026-03-07,79.63,10176,USA
INV-554581,SKU117,Bluetooth Headphones,18,2026-01-19,122.2,10099,USA
INV-167381,SKU264,Webcam 1080p,10,2026-02-08,41.8,10395,USA
INV-933142,SKU624,Bluetooth Headphones,8,2026-02-04,40.64,10444,UK
INV-378910,SKU301,Mechanical Keyboard,18,2026-04-10,63.4,10232,UK
INV-202416,SKU840,Gaming Monitor,1,2026-04-22,134.72,10402,Pakistan
INV-637068,SKU445,Bluetooth Headphones,8,2026-04-13,5.06,10075,USA
INV-148458,SKU465,Gaming Monitor,6,2026-03-28,135.7,10264,USA
INV-942653,SKU547,Webcam 1080p,5,2025-11-18,27.3,10454,USA
INV-611714,SKU612,Bluetooth Headphones,15,2025-12-08,148.56,10283,Canada
INV-601608,SKU418,Mechanical Keyboard,15,2026-03-31,143.45,10205,USA
INV-887941,SKU316,Wireless Mouse,2,2026-02-17,76.73,10222,Australia
INV-451637,SKU133,Mechanical Keyboard,1,2026-03-03,79.34,10383,UK
INV-527562,SKU970,Mechanical Keyboard,11,2026-03-24,74.82,10051,UK
INV-277946,SKU365,Wireless Mouse,10,2026-03-29,97.14,10338,UK
INV-131533,SKU739,Wireless Mouse,18,2026-02-12,18.15,10366,USA
INV-994576,SKU823,USB-C Hub,18,2026-03-20,9.73,10143,USA
INV-484546,SKU874,Bluetooth Headphones,17,2026-03-24,13.37,10372,USA
INV-964899,SKU923,Webcam 1080p,8,2026-01-20,69.43,10068,UK
INV-363503,SKU179,USB-C Hub,15,2026-01-26,44.95,10098,USA
INV-219119,SKU776,Wireless Mouse,8,2026-03-22,95.2,10395,USA
INV-321140,SKU512,Gaming Monitor,85,2026-04-04,297.8,10024,Pakistan
INV-382488,SKU351,Webcam 1080p,12,2025-12-16,61.02,10435,USA
INV-431922,SKU111,Gaming Monitor,8,2025-12-02,88.21,10378,Australia
INV-382745,SKU500,Mechanical Keyboard,14,2025-11-15,65.26,10468,Germany
INV-345840,SKU915,Laptop Stand,4,2025-12-14,127.85,10483,USA
INV-812345,SKU823,Mechanical Keyboard,1,2026-03-25,135.82,10052,USA
INV-463157,SKU381,Mechanical Keyboard,1,2026-04-18,132.22,10150,USA
INV-872470,SKU211,Laptop Stand,19,2025-12-24,146.28,10143,Canada
INV-611545,SKU822,Bluetooth Headphones,16,2025-12-14,8.99,10056,Canada
INV-392926,SKU477,Wireless Mouse,70,2026-04-03,253.54,10038,Germany
INV-735383,SKU850,Gaming Monitor,16,2025-11-05,114.01,10108,Pakistan
INV-543035,SKU367,Mechanical Keyboard,5,2026-02-17,38.16,10180,Canada
INV-459267,SKU397,Laptop Stand,45,2026-04-12,287.34,10041,USA
INV-930890,SKU416,USB-C Hub,2,2026-02-24,26.49,10185,USA
INV-763440,SKU669,Mechanical Keyboard,18,2026-01-26,103.53,10422,Australia
INV-789317,SKU608,Gaming Monitor,6,2026-02-12,37.61,10397,USA
INV-507124,SKU645,Wireless Mouse,9,2026-03-03,67.55,10222,USA
INV-458332,SKU874,Mechanical Keyboard,1,2026-01-18,109.28,10121,Germany
INV-851240,SKU464,Mechanical Keyboard,9,2025-12-13,86.68,10132,UK
INV-221292,SKU646,Bluetooth Headphones,16,2026-02-05,66.99,10162,Pakistan
INV-190570,SKU370,Desk Pad,13,2025-12-01,52.32,10214,Canada
INV-584540,SKU573,Laptop Stand,9,2026-02-07,126.75,10220,USA
INV-223791,SKU838,USB-C Hub,13,2025-11-17,25.85,10234,Pakistan
INV-592545,SKU636,USB-C Hub,9,2026-01-22,67.36,10330,USA
INV-615689,SKU333,Webcam 1080p,11,2026-02-18,136.04,10145,USA
INV-984807,SKU158,Wireless Mouse,4,2025-12-02,127.65,10238,UK
INV-662602,SKU350,Webcam 1080p,2,2026-04-17,63.14,10075,USA
INV-856349,SKU946,Gaming Monitor,30,2026-04-08,231.3,10008,UK
INV-830281,SKU185,Wireless Mouse,14,2025-12-05,124.36,10073,USA
INV-576984,SKU862,Mechanical Keyboard,4,2026-03-13,133.89,10441,UK
INV-471024,SKU489,Desk Pad,6,2025-11-29,83.95,10491,USA
INV-462470,SKU279,Mechanical Keyboard,19,2026-01-09,34.65,10400,Germany
INV-246903,SKU818,USB-C Hub,6,2026-04-02,42.02,10252,Australia
INV-948883,SKU955,Gaming Monitor,2,2026-02-03,47.88,10229,USA
INV-145708,SKU248,Laptop Stand,90,2026-04-24,182.2,10006,USA
INV-904114,SKU682,Gaming Monitor,13,2026-04-22,9.76,10173,USA
INV-464550,SKU220,Mechanical Keyboard,9,2026-01-08,97.23,10140,USA
INV-576040,SKU864,Laptop Stand,19,2026-01-28,57.83,10167,Germany
INV-266866,SKU704,Gaming Monitor,13,2026-01-11,47.81,10169,Germany
INV-421516,SKU355,Desk Pad,11,2026-03-09,132.53,10392,USA
INV-663765,SKU865,Desk Pad,1,2026-04-21,71.7,10433,USA
INV-583157,SKU963,Gaming Monitor,7,2026-01-26,18.78,10282,USA
INV-269809,SKU899,Laptop Stand,15,2026-02-04,124.88,10121,Canada
INV-233692,SKU408,Mechanical Keyboard,1,2026-01-14,11.91,10193,USA
INV-594166,SKU158,Gaming Monitor,60,2026-04-16,220.76,10004,Pakistan
INV-858529,SKU168,Laptop Stand,35,2026-04-01,234.44,10028,Germany
INV-877393,SKU545,Bluetooth Headphones,15,2026-01-27,56.13,10164,USA
INV-266129,SKU487,Desk Pad,19,2026-04-06,124.59,10421,UK
INV-834750,SKU185,Bluetooth Headphones,1,2025-12-24,79.77,10338,Pakistan
INV-153024,SKU885,Mechanical Keyboard,17,2025-11-16,72.18,10135,UK
INV-502893,SKU326,Laptop Stand,17,2026-02-07,11.58,10495,USA
INV-275183,SKU692,Bluetooth Headphones,3,2025-11-20,47.05,10364,USA
INV-255146,SKU725,Laptop Stand,12,2025-12-16,140.0,10320,Australia
INV-642112,SKU283,Gaming Monitor,6,2026-03-07,61.81,10341,Canada
INV-618534,SKU891,Mechanical Keyboard,11,2025-12-28,84.27,10499,Canada
INV-983583,SKU421,Bluetooth Headphones,3,2026-02-19,82.14,10144,Australia
INV-148926,SKU417,Webcam 1080p,8,2026-03-09,90.61,10326,Australia
INV-267932,SKU665,Gaming Monitor,14,2026-01-20,13.89,10216,Pakistan
INV-375119,SKU498,Desk Pad,14,2026-04-06,57.52,10300,USA
INV-961309,SKU808,Webcam 1080p,10,2026-01-23,109.85,10131,UK
INV-849037,SKU998,Webcam 1080p,2,2026-01-09,34.08,10291,Germany
INV-964302,SKU392,Wireless Mouse,14,2025-11-08,34.52,10069,Germany
INV-869741,SKU392,Wireless Mouse,9,2025-11-29,6.46,10251,Canada
INV-705659,SKU584,Mechanical Keyboard,3,2026-02-20,68.43,10414,USA
INV-781908,SKU998,Bluetooth Headphones,8,2026-04-28,133.0,10274,Germany
INV-463114,SKU546,Bluetooth Headphones,16,2026-04-10,12.53,10444,Germany
INV-583791,SKU902,Bluetooth Headphones,2,2026-03-11,32.71,10363,USA
INV-722354,SKU791,Laptop Stand,6,2026-04-12,49.96,10181,UK
INV-794096,SKU991,Gaming Monitor,12,2026-02-16,111.1,10166,USA
INV-161562,SKU511,Bluetooth Headphones,5,2026-02-17,97.89,10090,USA
INV-402553,SKU607,Gaming Monitor,2,2025-11-20,65.31,10201,USA
INV-896266,SKU833,Mechanical Keyboard,16,2026-01-12,115.06,10345,UK
INV-726480,SKU885,Webcam 1080p,25,2026-04-23,186.8,10018,UK
INV-625128,SKU989,Bluetooth Headphones,75,2026-04-04,269.86,10038,Canada
INV-834769,SKU343,Mechanical Keyboard,12,2025-11-19,123.61,10125,Canada
INV-131568,SKU519,Bluetooth Headphones,4,2026-02-10,41.66,10450,Australia
INV-897278,SKU253,Wireless Mouse,15,2026-04-22,44.36,10172,USA
INV-761259,SKU915,USB-C Hub,11,2026-04-20,23.18,10140,USA
INV-710326,SKU523,Mechanical Keyboard,16,2026-03-21,53.86,10241,Australia
INV-297173,SKU372,Bluetooth Headphones,6,2026-03-21,149.93,10219,USA
INV-229789,SKU746,Desk Pad,14,2026-01-25,63.83,10125,Pakistan
INV-469604,SKU924,USB-C Hub,18,2025-12-22,36.97,10057,Australia
INV-601994,SKU619,Mechanical Keyboard,12,2026-02-19,115.56,10147,UK
INV-174723,SKU227,Desk Pad,11,2026-02-17,83.66,10475,Pakistan
INV-863043,SKU472,Desk Pad,13,2026-01-25,26.69,10455,USA
INV-466338,SKU667,Laptop Stand,11,2025-12-13,60.2,10316,USA
INV-997849,SKU737,Desk Pad,16,2025-12-12,65.1,10382,Canada
INV-865110,SKU258,Bluetooth Headphones,15,2026-01-29,114.31,10360,USA
INV-681176,SKU670,Laptop Stand,15,2026-02-23,8.0,10422,Pakistan
INV-928048,SKU669,Wireless Mouse,20,2026-04-15,88.02,10000,USA
INV-807494,SKU751,Bluetooth Headphones,11,2026-03-31,80.05,10386,UK
INV-584441,SKU275,Webcam 1080p,19,2025-12-13,43.98,10460,UK
INV-892515,SKU719,Desk Pad,15,2026-01-16,96.12,10347,Canada
INV-767958,SKU310,Wireless Mouse,4,2026-04-05,74.87,10189,USA
INV-444620,SKU546,USB-C Hub,13,2026-03-17,57.45,10190,USA
INV-192416,SKU685,Mechanical Keyboard,19,2025-11-20,142.64,10368,Australia
INV-889012,SKU266,Desk Pad,2,2025-12-09,96.66,10408,USA
INV-747122,SKU559,Gaming Monitor,14,2026-04-28,23.84,10311,Australia
INV-736436,SKU456,Wireless Mouse,4,2025-11-12,86.21,10416,UK
INV-812755,SKU403,Gaming Monitor,16,2025-11-11,118.21,10421,Germany
INV-928753,SKU332,Desk Pad,14,2026-04-03,107.73,10116,Germany
INV-895818,SKU426,Gaming Monitor,15,2025-12-12,29.95,10133,USA
INV-415315,SKU983,Desk Pad,3,2026-04-04,146.0,10057,UK
INV-250594,SKU281,Mechanical Keyboard,40,2026-04-06,140.16,10043,Australia
INV-820892,SKU733,USB-C Hub,16,2025-12-08,28.06,10172,UK
INV-584976,SKU433,Mechanical Keyboard,10,2026-02-06,31.13,10159,Pakistan
INV-133545,SKU814,Bluetooth Headphones,4,2026-04-20,19.24,10172,UK
INV-285151,SKU128,Wireless Mouse,18,2025-11-19,121.51,10316,USA
INV-913287,SKU813,Gaming Monitor,2,2026-03-14,22.69,10302,USA
INV-135790,SKU192,Mechanical Keyboard,17,2026-04-23,23.14,10148,Pakistan
INV-675300,SKU940,Desk Pad,13,2026-02-24,128.32,10079,USA
INV-217827,SKU967,Mechanical Keyboard,4,2026-02-21,54.97,10373,Australia
INV-360123,SKU787,Mechanical Keyboard,11,2026-04-19,9.47,10212,Australia
INV-114260,SKU429,Wireless Mouse,7,2026-01-04,12.52,10202,USA
INV-296211,SKU822,USB-C Hub,12,2026-02-07,25.61,10251,USA
INV-887506,SKU283,Webcam 1080p,10,2026-01-11,35.94,10228,Germany
INV-535892,SKU194,Mechanical Keyboard,7,2025-12-22,101.45,10163,USA
INV-240547,SKU884,Wireless Mouse,13,2026-02-26,27.81,10226,Germany
INV-309486,SKU748,Gaming Monitor,7,2026-04-24,22.24,10146,UK
INV-246192,SKU848,Desk Pad,85,2026-03-31,231.76,10019,UK
INV-516363,SKU452,Bluetooth Headphones,10,2025-11-07,102.3,10440,Germany
INV-364130,SKU364,Webcam 1080p,10,2025-11-11,68.12,10401,USA
INV-864489,SKU746,Laptop Stand,20,2026-04-27,169.3,10046,UK
INV-787790,SKU755,Webcam 1080p,4,2025-12-31,50.24,10232,USA
INV-862857,SKU118,Desk Pad,7,2026-01-07,74.96,10304,USA
INV-155479,SKU842,Webcam 1080p,5,2026-04-25,156.94,10013,UK
INV-576182,SKU745,Desk Pad,12,2026-03-20,61.15,10142,Australia
INV-492977,SKU725,Wireless Mouse,13,2026-04-03,136.45,10414,USA
INV-364320,SKU598,Laptop Stand,50,2026-04-11,14.66,10000,UK
INV-708546,SKU238,Mechanical Keyboard,15,2026-02-18,118.41,10372,Canada
INV-339423,SKU736,Mechanical Keyboard,13,2026-03-20,23.04,10053,USA
INV-477332,SKU815,Webcam 1080p,9,2026-04-20,120.64,10373,USA
INV-184153,SKU672,Wireless Mouse,9,2025-12-21,94.31,10258,Pakistan
INV-817278,SKU861,Laptop Stand,15,2026-02-25,127.28,10143,Germany
INV-883930,SKU909,Mechanical Keyboard,10,2026-04-14,19.14,10470,UK
INV-520331,SKU624,Gaming Monitor,10,2025-12-16,86.05,10440,Canada
INV-858272,SKU354,USB-C Hub,8,2025-12-23,77.66,10458,USA
INV-177442,SKU184,USB-C Hub,80,2026-04-20,214.8,10011,Canada
INV-926434,SKU557,Mechanical Keyboard,17,2026-03-01,82.47,10329,UK
INV-157124,SKU631,Laptop Stand,5,2025-11-13,83.41,10223,UK
INV-411896,SKU661,Bluetooth Headphones,4,2026-01-28,67.29,10271,USA
INV-359488,SKU775,Mechanical Keyboard,18,2026-03-05,49.78,10455,USA
INV-178947,SKU191,Bluetooth Headphones,19,2026-02-26,74.93,10357,USA
INV-961148,SKU699,Bluetooth Headphones,4,2025-12-24,22.18,10459,Pakistan
INV-541209,SKU168,Desk Pad,7,2026-02-24,144.42,10407,UK
INV-896505,SKU136,Desk Pad,10,2026-02-26,108.59,10155,UK
INV-923683,SKU864,Laptop Stand,18,2025-11-04,143.11,10372,USA
INV-196496,SKU863,Bluetooth Headphones,95,2026-04-10,75.76,10007,USA
INV-826797,SKU239,Gaming Monitor,4,2025-12-19,132.5,10121,Germany
INV-925329,SKU966,Laptop Stand,10,2025-11-07,122.27,10347,UK
INV-413760,SKU992,Mechanical Keyboard,1,2026-02-18,103.19,10163,UK
INV-362037,SKU779,Webcam 1080p,18,2026-03-02,95.63,10089,USA
INV-601935,SKU665,Gaming Monitor,5,2025-11-11,50.9,10135,Germany
INV-890914,SKU997,Wireless Mouse,15,2026-01-31,123.38,10185,USA
INV-470134,SKU277,USB-C Hub,17,2026-04-22,77.72,10315,USA
INV-322036,SKU908,Mechanical Keyboard,3,2025-11-23,15.28,10177,UK
INV-566152,SKU912,Mechanical Keyboard,60,2026-04-11,100.74,10027,USA
INV-794934,SKU970,Mechanical Keyboard,2,2026-02-19,140.62,10219,USA
INV-929716,SKU717,Gaming Monitor,1,2025-12-27,128.35,10356,Canada
INV-435076,SKU236,Wireless Mouse,85,2026-04-18,294.76,10040,Canada
INV-369482,SKU289,Webcam 1080p,16,2026-04-02,96.06,10227,Australia
INV-273790,SKU739,Laptop Stand,5,2025-12-24,40.89,10191,UK
INV-243572,SKU441,Desk Pad,15,2025-11-29,28.61,10410,USA
INV-242617,SKU658,Wireless Mouse,3,2026-02-05,32.1,10446,USA
INV-685768,SKU104,Gaming Monitor,7,2026-04-13,7.87,10144,Pakistan
INV-760601,SKU356,Mechanical Keyboard,11,2025-11-14,61.65,10200,UK
INV-320386,SKU911,USB-C Hub,10,2026-01-17,32.76,10416,Germany
INV-104695,SKU761,Mechanical Keyboard,9,2025-12-05,64.69,10211,USA
INV-832426,SKU905,Laptop Stand,14,2025-11-30,140.57,10460,UK
INV-638606,SKU342,Bluetooth Headphones,13,2026-01-31,67.43,10219,USA
INV-937366,SKU886,USB-C Hub,2,2025-11-17,132.31,10239,UK
INV-515547,SKU819,Mechanical Keyboard,3,2026-04-07,92.8,10412,Pakistan
INV-483426,SKU514,Webcam 1080p,7,2026-02-01,40.83,10396,Pakistan
INV-808032,SKU726,USB-C Hub,90,2026-04-25,113.2,10045,UK
INV-191891,SKU806,Bluetooth Headphones,15,2026-04-11,34.34,10034,UK
INV-570076,SKU442,Desk Pad,10,2026-02-18,53.35,10252,Pakistan
INV-849045,SKU781,Wireless Mouse,7,2026-04-28,103.24,10389,Canada
INV-168754,SKU478,Gaming Monitor,9,2026-02-10,15.46,10081,USA
INV-972109,SKU693,Desk Pad,17,2026-02-14,34.78,10370,UK
INV-988752,SKU765,Mechanical Keyboard,11,2025-12-17,60.31,10255,USA
INV-496053,SKU752,Laptop Stand,7,2026-01-03,147.4,10196,UK
INV-487405,SKU925,Wireless Mouse,14,2026-04-15,118.8,10302,UK
INV-613904,SKU245,Desk Pad,19,2026-01-03,111.36,10408,UK
INV-467482,SKU422,Mechanical Keyboard,4,2026-01-26,21.85,10449,USA
INV-664365,SKU221,Wireless Mouse,30,2026-04-11,236.48,10009,USA
INV-442059,SKU351,Desk Pad,10,2025-11-22,118.86,10311,UK
INV-759599,SKU954,Laptop Stand,7,2026-01-20,92.16,10285,Australia
INV-341504,SKU998,Mechanical Keyboard,13,2026-04-18,148.6,10241,Canada
INV-391813,SKU410,Bluetooth Headphones,14,2026-01-13,52.16,10250,USA
INV-935056,SKU700,Bluetooth Headphones,4,2026-03-18,141.48,10364,Pakistan
INV-961579,SKU574,Laptop Stand,40,2026-04-13,275.28,10004,Pakistan
INV-759510,SKU669,USB-C Hub,5,2026-03-05,6.66,10118,USA
INV-766469,SKU591,Laptop Stand,1,2025-12-20,70.27,10288,USA
INV-855110,SKU674,USB-C Hub,4,2025-12-22,146.68,10373,Germany
INV-781376,SKU446,Mechanical Keyboard,3,2026-04-10,19.95,10064,Australia
INV-767296,SKU919,Desk Pad,9,2025-11-01,84.43,10145,Pakistan
INV-242108,SKU586,USB-C Hub,8,2026-04-11,146.95,10223,Australia
INV-245093,SKU572,Mechanical Keyboard,1,2025-11-04,85.55,10238,Canada
INV-613694,SKU481,Mechanical Keyboard,6,2026-03-25,32.52,10176,UK
INV-923375,SKU379,Webcam 1080p,9,2026-03-12,89.42,10266,USA
INV-213694,SKU171,Gaming Monitor,7,2026-04-20,34.64,10340,USA
INV-334456,SKU620,Mechanical Keyboard,4,2025-11-04,80.36,10281,UK
INV-312079,SKU465,USB-C Hub,13,2025-11-01,15.74,10062,Canada
INV-344269,SKU193,Gaming Monitor,17,2026-01-10,92.79,10216,UK
INV-543232,SKU472,Gaming Monitor,2,2026-04-27,79.93,10341,Germany
INV-516460,SKU438,Mechanical Keyboard,5,2025-12-05,112.32,10314,USA
INV-556243,SKU536,Laptop Stand,12,2025-11-08,96.45,10282,UK
INV-869673,SKU435,Laptop Stand,8,2026-04-01,84.69,10176,USA
INV-223351,SKU763,Bluetooth Headphones,6,2025-12-06,105.02,10460,UK
INV-401129,SKU591,Gaming Monitor,8,2026-04-27,25.87,10416,Germany
INV-940268,SKU967,Mechanical Keyboard,18,2026-03-03,91.33,10097,Canada
INV-986146,SKU139,Webcam 1080p,3,2025-12-13,29.96,10104,Pakistan
INV-628058,SKU458,Laptop Stand,12,2025-11-27,139.2,10098,USA
INV-929297,SKU673,Webcam 1080p,3,2025-12-02,14.91,10384,UK
INV-153811,SKU353,Mechanical Keyboard,6,2026-01-17,67.4,10404,USA
INV-366145,SKU680,Mechanical Keyboard,2,2026-03-01,105.89,10495,UK
INV-685136,SKU497,Desk Pad,12,2026-03-26,71.41,10310,Australia
INV-152635,SKU856,Gaming Monitor,10,2026-04-01,36.7,10005,Canada
INV-120946,SKU976,Desk Pad,6,2026-04-06,85.24,10475,Australia
INV-720140,SKU269,Webcam 1080p,17,2025-11-16,98.04,10464,USA
INV-453247,SKU789,Desk Pad,3,2026-02-07,107.05,10196,Australia
INV-585260,SKU800,Bluetooth Headphones,2,2025-12-17,59.12,10350,USA
INV-930176,SKU610,Gaming Monitor,8,2025-12-01,86.73,10132,Australia
INV-217729,SKU359,Wireless Mouse,12,2025-11-04,70.35,10357,USA
INV-794519,SKU683,Desk Pad,4,2026-04-14,102.45,10258,USA
INV-385815,SKU558,Webcam 1080p,5,2025-11-17,89.62,10436,UK
INV-771810,SKU628,Laptop Stand,65,2026-04-01,162.46,10022,Pakistan
INV-550491,SKU981,Laptop Stand,15,2025-12-18,41.18,10484,USA
INV-528734,SKU440,Laptop Stand,16,2026-04-23,5.29,10052,USA
INV-419957,SKU156,USB-C Hub,10,2026-04-25,30.24,10164,Australia
INV-196748,SKU317,Mechanical Keyboard,16,2025-12-09,21.97,10201,USA
INV-863580,SKU718,Gaming Monitor,12,2026-03-12,70.12,10457,USA
INV-500022,SKU915,Laptop Stand,17,2025-11-30,93.78,10082,UK
INV-729021,SKU784,Wireless Mouse,16,2026-04-07,35.9,10144,USA
INV-226865,SKU830,Laptop Stand,12,2025-11-22,141.16,10084,Pakistan
INV-445695,SKU563,Bluetooth Headphones,8,2026-01-05,5.97,10077,Germany
INV-401364,SKU346,Mechanical Keyboard,3,2026-02-16,116.98,10456,UK
INV-379302,SKU829,Webcam 1080p,16,2025-11-12,95.65,10365,Pakistan
INV-967424,SKU472,Mechanical Keyboard,65,2026-04-24,118.34,10000,UK
INV-686864,SKU516,Desk Pad,95,2026-04-28,24.64,10050,USA
INV-974459,SKU130,Webcam 1080p,8,2026-01-29,95.99,10172,USA
INV-255260,SKU467,Webcam 1080p,5,2025-11-01,60.91,10204,UK
INV-323687,SKU658,Desk Pad,8,2026-03-07,140.76,10259,USA
INV-420974,SKU745,Gaming Monitor,12,2026-01-29,83.59,10445,Pakistan
INV-759379,SKU207,Desk Pad,1,2026-01-26,141.25,10448,Germany
INV-112419,SKU683,USB-C Hub,6,2026-01-29,36.97,10368,USA
INV-657985,SKU938,Webcam 1080p,18,2026-03-14,110.23,10487,UK
INV-447076,SKU517,Webcam 1080p,8,2026-01-09,94.5,10287,Germany
INV-481856,SKU719,Desk Pad,35,2026-04-03,224.42,10033,Pakistan
INV-597784,SKU920,Gaming Monitor,1,2026-04-01,36.13,10347,Australia
INV-719716,SKU497,Laptop Stand,16,2026-01-25,101.42,10094,UK
INV-763333,SKU371,Bluetooth Headphones,12,2025-11-19,77.22,10071,Germany
INV-863361,SKU782,Wireless Mouse,30,2026-04-19,225.42,10038,UK
INV-710937,SKU215,Gaming Monitor,2,2026-03-26,52.42,10153,UK
INV-484793,SKU940,USB-C Hub,14,2026-02-03,134.06,10249,USA
INV-373280,SKU685,Gaming Monitor,4,2026-02-09,17.22,10161,USA
INV-971171,SKU355,Mechanical Keyboard,1,2025-11-30,122.04,10437,UK
INV-948934,SKU180,Laptop Stand,18,2026-04-19,129.89,10117,USA
INV-262357,SKU879,Laptop Stand,13,2025-12-03,123.5,10258,USA
INV-909471,SKU227,Webcam 1080p,2,2025-11-12,79.35,10378,Germany
INV-953152,SKU937,Laptop Stand,9,2026-02-26,68.57,10305,USA
INV-223168,SKU334,Laptop Stand,2,2026-02-02,149.46,10267,UK
INV-712551,SKU652,Desk Pad,9,2026-04-04,38.23,10448,UK
INV-159155,SKU280,Laptop Stand,1,2026-04-16,84.3,10053,Pakistan
INV-116911,SKU256,Laptop Stand,11,2026-03-17,102.25,10235,UK
INV-625204,SKU553,Wireless Mouse,3,2026-03-29,106.63,10388,USA
INV-945484,SKU670,USB-C Hub,4,2026-01-15,34.58,10477,UK
INV-562326,SKU956,Webcam 1080p,18,2025-11-29,99.83,10221,Australia
INV-856983,SKU860,Desk Pad,6,2026-04-10,123.66,10250,Pakistan
INV-379934,SKU803,Laptop Stand,3,2026-02-25,12.25,10312,UK
INV-576377,SKU123,Webcam 1080p,11,2025-11-15,137.17,10400,USA
INV-498422,SKU572,USB-C Hub,15,2025-11-02,9.28,10111,Pakistan
INV-221937,SKU499,Desk Pad,5,2026-04-29,56.62,10254,USA
INV-185053,SKU691,Bluetooth Headphones,10,2026-02-25,7.29,10302,Canada
INV-412094,SKU233,Laptop Stand,12,2026-04-21,16.19,10406,UK
INV-478355,SKU520,Webcam 1080p,15,2025-11-18,137.12,10206,USA
INV-942793,SKU312,Gaming Monitor,17,2025-11-03,56.45,10228,USA
INV-947883,SKU581,Desk Pad,10,2026-03-15,66.59,10340,USA
INV-399840,SKU447,Desk Pad,6,2026-04-20,36.22,10397,Canada
INV-574857,SKU265,Webcam 1080p,18,2026-04-15,91.58,10065,Pakistan
INV-726683,SKU447,Laptop Stand,13,2026-04-14,91.25,10074,USA
INV-933160,SKU948,Mechanical Keyboard,3,2026-04-10,58.97,10434,Australia
INV-417545,SKU497,Wireless Mouse,10,2026-02-16,53.29,10102,USA
INV-297298,SKU682,Gaming Monitor,14,2026-02-03,133.32,10421,UK
INV-649391,SKU825,Gaming Monitor,6,2026-03-02,60.58,10191,USA
INV-527479,SKU534,Mechanical Keyboard,3,2025-11-11,76.56,10251,Pakistan
INV-882065,SKU676,Laptop Stand,16,2026-01-07,46.08,10225,Germany
INV-569837,SKU320,Desk Pad,7,2026-03-03,119.08,10293,Canada
INV-412188,SKU407,Desk Pad,14,2026-02-21,62.63,10305,Australia
INV-682018,SKU897,Wireless Mouse,9,2026-02-06,79.47,10097,Canada
INV-125825,SKU796,Gaming Monitor,15,2026-02-01,41.74,10337,Pakistan
INV-831616,SKU818,Wireless Mouse,3,2025-11-22,148.21,10285,Germany
INV-597393,SKU565,Gaming Monitor,2,2026-04-21,47.27,10334,Pakistan
INV-137271,SKU198,Laptop Stand,2,2026-03-07,116.76,10346,UK
INV-177256,SKU341,Bluetooth Headphones,3,2026-03-14,66.99,10434,USA
INV-539948,SKU257,Gaming Monitor,18,2026-04-19,34.9,10446,UK
INV-166433,SKU709,Bluetooth Headphones,14,2025-11-25,120.96,10481,USA
INV-837990,SKU653,Gaming Monitor,18,2026-01-24,53.37,10307,UK
INV-201999,SKU750,Desk Pad,10,2025-12-25,130.45,10248,UK
INV-856350,SKU894,USB-C Hub,2,2026-03-24,137.71,10165,Canada
INV-647860,SKU326,Laptop Stand,1,2026-02-03,129.67,10480,USA
INV-662834,SKU522,Mechanical Keyboard,4,2026-03-22,10.08,10471,USA
INV-940597,SKU171,Bluetooth Headphones,14,2026-04-16,119.17,10334,UK
INV-950122,SKU342,Mechanical Keyboard,5,2026-04-22,129.28,10029,Pakistan
INV-546880,SKU629,Laptop Stand,14,2026-04-28,131.69,10246,USA
INV-575551,SKU688,Webcam 1080p,16,2026-02-27,97.5,10105,UK
INV-830559,SKU144,Mechanical Keyboard,70,2026-04-25,251.76,10050,Germany
INV-621727,SKU571,Laptop Stand,3,2025-11-09,77.42,10080,Canada
INV-136948,SKU470,Desk Pad,3,2026-04-22,82.58,10132,USA
INV-913439,SKU954,Mechanical Keyboard,9,2026-03-30,25.94,10284,UK
INV-725107,SKU751,Bluetooth Headphones,6,2026-04-09,118.68,10387,USA
INV-453351,SKU788,USB-C Hub,13,2025-12-12,65.81,10137,Pakistan
INV-584137,SKU833,Mechanical Keyboard,2,2025-12-23,77.51,10183,USA
INV-963204,SKU191,Bluetooth Headphones,8,2026-01-13,118.84,10400,USA
INV-646312,SKU121,Gaming Monitor,2,2025-12-09,91.83,10329,USA
INV-867768,SKU271,Laptop Stand,4,2026-03-02,34.16,10272,USA
INV-707200,SKU703,Wireless Mouse,15,2025-11-15,90.58,10339,Germany
INV-879521,SKU291,Webcam 1080p,4,2026-04-06,64.11,10471,USA
INV-333746,SKU176,Desk Pad,13,2026-03-03,73.08,10068,USA
INV-511373,SKU380,Wireless Mouse,60,2026-04-15,18.22,10033,UK
INV-885427,SKU463,Desk Pad,13,2026-03-11,35.45,10261,USA
INV-971913,SKU278,Laptop Stand,14,2026-01-22,45.75,10052,USA
INV-595336,SKU337,Desk Pad,18,2025-11-10,108.38,10449,Australia
INV-450697,SKU234,USB-C Hub,6,2026-01-31,6.67,10204,Germany
INV-757116,SKU976,Mechanical Keyboard,11,2025-11-29,64.27,10125,Pakistan
INV-331749,SKU379,USB-C Hub,2,2025-12-05,138.98,10234,Australia
INV-726776,SKU118,Wireless Mouse,95,2026-04-09,42.44,10042,Canada
INV-721029,SKU694,Webcam 1080p,19,2026-03-20,79.88,10239,USA
INV-813411,SKU839,Bluetooth Headphones,5,2026-02-19,119.05,10458,Germany
INV-331773,SKU470,Webcam 1080p,19,2025-12-08,141.67,10370,Australia
INV-440354,SKU876,Laptop Stand,2,2026-01-16,113.28,10110,Germany
INV-274166,SKU211,Laptop Stand,10,2026-02-01,109.48,10248,UK
INV-602066,SKU862,USB-C Hub,2,2026-03-27,124.84,10150,USA
INV-843249,SKU775,Bluetooth Headphones,11,2026-01-06,69.7,10182,Australia
INV-497751,SKU969,USB-C Hub,18,2026-03-16,121.85,10335,Germany
INV-549251,SKU779,Mechanical Keyboard,15,2025-11-08,6.15,10094,Pakistan
INV-616031,SKU320,Gaming Monitor,9,2026-03-02,139.06,10458,USA
INV-147367,SKU403,Bluetooth Headphones,19,2026-01-23,69.28,10373,USA
INV-862832,SKU802,Gaming Monitor,9,2026-04-24,85.24,10399,USA
INV-553028,SKU424,Webcam 1080p,15,2026-04-12,83.92,10007,Germany
INV-684172,SKU536,Mechanical Keyboard,9,2026-04-28,112.67,10387,USA
INV-559384,SKU537,Desk Pad,14,2026-01-24,16.11,10359,USA
INV-768640,SKU269,Desk Pad,19,2025-12-15,131.53,10387,Pakistan
INV-507962,SKU474,Gaming Monitor,7,2026-03-16,125.08,10183,USA
INV-464716,SKU656,Wireless Mouse,16,2026-01-26,36.33,10280,Australia
INV-677539,SKU480,Webcam 1080p,16,2025-11-16,122.35,10194,USA
INV-184821,SKU113,Gaming Monitor,1,2026-01-16,119.02,10351,Australia
INV-707871,SKU842,Mechanical Keyboard,4,2025-11-09,96.67,10194,UK
INV-344697,SKU768,Gaming Monitor,4,2025-12-30,59.16,10154,Pakistan
INV-110207,SKU599,Laptop Stand,7,2026-01-17,44.37,10092,Pakistan
INV-826487,SKU745,USB-C Hub,8,2026-01-16,38.61,10159,USA
INV-127757,SKU490,Wireless Mouse,17,2026-01-10,51.2,10433,USA
INV-554623,SKU648,Laptop Stand,5,2025-11-15,136.02,10060,USA
INV-775616,SKU664,Laptop Stand,7,2026-01-10,16.26,10121,Canada
INV-920254,SKU629,Mechanical Keyboard,20,2026-04-01,250.38,10050,Australia
INV-362070,SKU591,USB-C Hub,6,2026-04-18,55.59,10402,UK
INV-141340,SKU649,USB-C Hub,7,2025-11-22,80.63,10276,Canada
INV-342955,SKU798,Bluetooth Headphones,90,2026-04-02,240.4,10004,USA
INV-929783,SKU484,Webcam 1080p,5,2026-02-21,133.23,10465,Australia
INV-992743,SKU295,Wireless Mouse,3,2026-04-21,54.99,10091,Pakistan
INV-699608,SKU854,Webcam 1080p,7,2025-11-01,71.97,10169,USA
INV-464709,SKU399,Mechanical Keyboard,14,2025-11-10,65.1,10316,UK
INV-528373,SKU914,Wireless Mouse,35,2026-04-18,13.84,10021,USA
INV-382081,SKU646,Bluetooth Headphones,5,2026-02-21,47.91,10404,UK
INV-373363,SKU826,Gaming Monitor,5,2025-12-20,71.58,10325,UK
INV-109399,SKU830,Laptop Stand,10,2026-04-05,129.22,10000,USA
INV-751021,SKU927,Wireless Mouse,6,2026-01-28,109.68,10132,UK
INV-854208,SKU701,Webcam 1080p,15,2026-04-03,60.8,10232,USA
INV-906479,SKU407,Laptop Stand,50,2026-04-18,151.92,10011,UK
INV-331615,SKU351,Mechanical Keyboard,7,2026-01-17,67.29,10345,UK
INV-709981,SKU107,Webcam 1080p,25,2026-04-26,224.78,10045,USA
INV-725219,SKU867,Gaming Monitor,5,2026-04-20,260.26,10033,Germany
INV-800251,SKU974,Mechanical Keyboard,13,2026-03-01,82.12,10432,Germany
INV-237852,SKU307,Desk Pad,18,2025-11-23,119.47,10077,USA
INV-389194,SKU230,Gaming Monitor,13,2026-04-20,48.03,10217,USA
INV-697839,SKU835,Gaming Monitor,18,2026-03-14,83.5,10300,Germany
INV-430810,SKU808,Laptop Stand,5,2026-04-20,55.06,10410,Pakistan
INV-848979,SKU753,Mechanical Keyboard,13,2025-11-25,65.06,10072,USA
INV-706304,SKU863,Mechanical Keyboard,4,2025-11-18,111.2,10281,USA
INV-737423,SKU707,Wireless Mouse,17,2026-03-21,132.84,10248,USA
INV-153010,SKU125,Webcam 1080p,15,2026-04-19,45.24,10046,UK
INV-332084,SKU722,Desk Pad,17,2026-01-17,97.02,10120,USA
INV-662453,SKU553,Mechanical Keyboard,11,2025-11-28,89.41,10213,USA
INV-373672,SKU734,Wireless Mouse,4,2026-03-26,22.17,10238,Canada
INV-280680,SKU285,Desk Pad,2,2025-12-29,35.72,10055,UK
INV-499130,SKU583,USB-C Hub,16,2026-01-02,50.1,10349,USA
INV-661424,SKU779,USB-C Hub,18,2026-01-31,29.21,10106,UK
INV-448152,SKU150,Desk Pad,8,2026-04-28,40.34,10318,UK
INV-636364,SKU990,USB-C Hub,15,2026-04-18,87.6,10047,USA
INV-780143,SKU104,Bluetooth Headphones,9,2026-04-04,53.67,10060,USA
INV-802076,SKU688,Mechanical Keyboard,6,2026-04-09,113.66,10336,Australia
INV-674586,SKU259,Bluetooth Headphones,50,2026-04-07,175.86,10025,USA
INV-940736,SKU307,Webcam 1080p,10,2026-03-17,148.01,10291,Germany
INV-965792,SKU356,Mechanical Keyboard,13,2026-01-07,65.14,10256,Pakistan
INV-169835,SKU304,Wireless Mouse,85,2026-04-13,228.62,10007,USA
INV-622757,SKU866,Bluetooth Headphones,9,2026-01-06,131.36,10112,USA
INV-736712,SKU110,Bluetooth Headphones,17,2026-04-03,103.45,10354,UK
INV-763478,SKU107,Webcam 1080p,9,2026-03-16,64.72,10252,Australia
INV-354394,SKU508,Bluetooth Headphones,9,2025-11-06,114.27,10179,Pakistan
INV-419055,SKU131,Gaming Monitor,1,2025-11-24,34.53,10206,Germany
INV-203088,SKU639,Wireless Mouse,2,2026-04-25,52.5,10302,USA
INV-639473,SKU817,USB-C Hub,16,2026-02-02,84.27,10126,Canada
INV-674901,SKU486,Wireless Mouse,1,2026-04-22,88.43,10055,UK
INV-865372,SKU327,Gaming Monitor,10,2025-11-13,8.21,10213,UK
INV-264999,SKU739,Webcam 1080p,90,2026-04-09,284.08,10013,USA
INV-362530,SKU866,Webcam 1080p,8,2026-03-28,106.01,10473,USA
INV-585369,SKU574,Mechanical Keyboard,55,2026-04-02,153.76,10027,Germany
INV-565944,SKU823,Wireless Mouse,2,2026-01-21,140.3,10470,UK
INV-392164,SKU850,Desk Pad,8,2026-02-19,68.67,10077,USA
INV-666966,SKU306,Desk Pad,8,2026-01-21,147.16,10215,USA
INV-317767,SKU417,Webcam 1080p,17,2026-01-05,79.28,10385,Australia
INV-161394,SKU894,Bluetooth Headphones,15,2025-12-15,21.57,10364,Germany
INV-824305,SKU856,Webcam 1080p,17,2026-02-22,115.9,10153,USA
INV-739665,SKU656,Webcam 1080p,65,2026-04-05,206.88,10013,USA
INV-746004,SKU716,Webcam 1080p,19,2026-01-02,117.08,10186,USA
INV-287486,SKU447,Webcam 1080p,5,2026-01-15,142.96,10311,Pakistan
INV-680206,SKU892,Desk Pad,12,2026-02-22,117.59,10370,UK
INV-584497,SKU333,Desk Pad,5,2026-04-28,187.28,10006,UK
INV-342556,SKU800,USB-C Hub,25,2026-04-14,258.62,10002,UK
INV-477784,SKU143,USB-C Hub,8,2025-12-05,102.62,10110,USA
INV-784815,SKU836,Mechanical Keyboard,13,2025-12-23,64.18,10406,Australia
INV-466590,SKU241,Webcam 1080p,8,2025-11-26,133.41,10237,UK
INV-269807,SKU747,Desk Pad,11,2025-11-14,37.18,10362,USA
INV-194702,SKU275,Wireless Mouse,1,2026-02-26,108.62,10238,USA
INV-205509,SKU753,Gaming Monitor,13,2025-12-15,132.83,10492,UK
INV-455752,SKU548,Mechanical Keyboard,19,2026-04-21,111.04,10273,Pakistan
INV-214310,SKU691,Desk Pad,3,2025-12-21,106.1,10293,USA
INV-932234,SKU181,Wireless Mouse,17,2026-04-20,114.13,10226,Australia
INV-823380,SKU234,Webcam 1080p,5,2026-02-27,72.43,10370,Germany
INV-658910,SKU818,Laptop Stand,40,2026-04-22,263.5,10014,USA
INV-209935,SKU955,Webcam 1080p,14,2025-11-19,34.5,10191,USA
INV-360440,SKU276,USB-C Hub,4,2026-01-21,23.47,10472,USA
INV-217919,SKU482,Gaming Monitor,11,2026-01-15,46.4,10118,Germany
INV-796314,SKU342,Desk Pad,15,2026-01-31,82.08,10484,USA
INV-169519,SKU666,Desk Pad,95,2026-04-22,158.06,10027,USA
INV-811475,SKU240,Bluetooth Headphones,7,2026-03-27,123.99,10201,UK
INV-598204,SKU556,Gaming Monitor,95,2026-04-17,127.32,10038,Germany
INV-356587,SKU539,Bluetooth Headphones,19,2026-03-03,75.23,10440,USA
INV-248112,SKU155,Gaming Monitor,11,2026-04-29,6.94,10272,UK
INV-144772,SKU626,USB-C Hub,5,2026-03-06,64.41,10230,UK
INV-222431,SKU796,Bluetooth Headphones,5,2026-04-26,98.93,10085,UK
INV-982522,SKU925,Wireless Mouse,8,2025-12-07,7.25,10473,Australia
INV-294904,SKU518,Bluetooth Headphones,10,2026-04-03,45.73,10125,USA
INV-258988,SKU187,Mechanical Keyboard,6,2026-02-07,35.15,10299,Australia
INV-931303,SKU708,Wireless Mouse,75,2026-04-13,22.18,10024,Canada
INV-614743,SKU755,Mechanical Keyboard,16,2026-03-07,74.49,10144,UK
INV-912804,SKU107,Webcam 1080p,85,2026-04-18,62.7,10012,Canada
INV-139080,SKU576,Gaming Monitor,8,2026-01-19,112.75,10211,UK
INV-206242,SKU314,Wireless Mouse,40,2026-04-27,255.9,10024,USA
INV-929154,SKU784,Gaming Monitor,9,2026-01-16,84.11,10067,Canada
INV-614080,SKU834,Webcam 1080p,2,2026-03-06,147.35,10393,UK
INV-129048,SKU651,Laptop Stand,15,2026-01-26,70.32,10066,Canada
INV-709493,SKU596,Desk Pad,18,2025-12-24,79.44,10232,USA
INV-416855,SKU793,Gaming Monitor,3,2026-03-30,148.44,10108,Pakistan
INV-267403,SKU602,Webcam 1080p,17,2025-11-16,38.57,10145,UK
INV-356392,SKU881,Gaming Monitor,4,2025-11-28,141.67,10110,USA
INV-120968,SKU798,Webcam 1080p,4,2026-04-12,11.21,10227,UK
INV-547185,SKU344,Mechanical Keyboard,14,2026-04-22,69.73,10110,Germany
INV-334417,SKU577,Webcam 1080p,9,2025-12-16,15.15,10469,Germany
INV-635580,SKU408,Bluetooth Headphones,45,2026-04-25,221.48,10033,UK
INV-876230,SKU330,Laptop Stand,18,2026-01-24,93.22,10110,Australia
INV-441603,SKU482,Gaming Monitor,10,2025-11-26,107.46,10263,USA
INV-873292,SKU254,Webcam 1080p,4,2026-01-24,59.3,10423,UK
INV-936624,SKU274,Webcam 1080p,12,2026-04-02,58.57,10368,Australia
INV-708481,SKU947,Gaming Monitor,8,2026-01-04,11.57,10235,Australia
INV-693453,SKU214,Desk Pad,2,2026-03-14,55.74,10082,Canada
INV-954082,SKU489,Laptop Stand,65,2026-04-09,279.5,10041,Australia
INV-593197,SKU410,Laptop Stand,16,2026-02-23,59.99,10424,USA
INV-725686,SKU399,Webcam 1080p,2,2026-01-03,125.55,10100,Australia
INV-846470,SKU117,Wireless Mouse,55,2026-04-14,254.28,10005,USA
INV-984317,SKU883,Mechanical Keyboard,10,2026-04-20,59.12,10179,USA
INV-253329,SKU111,Laptop Stand,15,2026-02-15,96.64,10281,USA
INV-200588,SKU503,Laptop Stand,17,2026-03-31,18.83,10319,UK
INV-465500,SKU912,USB-C Hub,8,2026-02-04,20.03,10225,USA
INV-877110,SKU803,Bluetooth Headphones,18,2026-04-07,12.06,10442,USA
INV-624186,SKU331,Laptop Stand,9,2026-01-16,89.25,10439,USA
INV-969941,SKU704,Mechanical Keyboard,8,2026-03-26,66.78,10314,USA
INV-846633,SKU829,Bluetooth Headphones,14,2026-01-26,84.46,10364,UK
INV-413816,SKU377,Bluetooth Headphones,18,2026-03-29,80.56,10453,UK
INV-832943,SKU452,Gaming Monitor,12,2025-12-27,55.78,10228,USA
INV-612552,SKU402,Gaming Monitor,19,2026-02-11,103.23,10376,Germany
INV-384257,SKU640,Gaming Monitor,14,2026-03-31,114.98,10288,Australia
INV-362838,SKU569,Gaming Monitor,17,2026-01-30,7.12,10436,Germany
INV-115588,SKU912,USB-C Hub,3,2025-12-15,35.05,10149,USA
INV-817116,SKU176,Laptop Stand,7,2026-04-21,108.42,10276,Germany
INV-557301,SKU620,Gaming Monitor,17,2026-01-27,61.06,10197,USA
INV-866719,SKU123,Webcam 1080p,12,2026-02-23,101.06,10069,USA
INV-345456,SKU114,Wireless Mouse,9,2025-12-17,55.31,10111,USA
INV-816502,SKU775,Gaming Monitor,75,2026-04-03,123.32,10003,Australia
INV-164373,SKU624,Laptop Stand,18,2026-04-28,28.01,10349,USA
INV-972035,SKU446,Gaming Monitor,13,2026-04-19,42.44,10330,USA
INV-630992,SKU271,USB-C Hub,8,2026-03-15,92.78,10445,USA
INV-140136,SKU968,Mechanical Keyboard,14,2025-12-20,67.81,10317,Australia
INV-691795,SKU426,Mechanical Keyboard,8,2026-04-25,117.27,10349,Canada
INV-147361,SKU811,Laptop Stand,14,2026-01-23,128.62,10094,USA
INV-945279,SKU584,Webcam 1080p,7,2026-01-30,83.54,10151,UK
INV-992791,SKU588,Mechanical Keyboard,12,2026-03-14,114.95,10310,UK
INV-242513,SKU561,Desk Pad,11,2026-01-30,49.5,10136,Canada
INV-481050,SKU477,Mechanical Keyboard,11,2026-03-17,65.17,10246,USA
INV-114677,SKU687,Wireless Mouse,13,2026-02-17,108.35,10386,Australia
INV-914250,SKU263,Laptop Stand,18,2025-12-27,61.0,10242,USA
INV-364012,SKU471,Webcam 1080p,10,2026-04-22,180.66,10030,Canada
INV-707879,SKU672,Laptop Stand,75,2026-04-01,63.76,10039,USA
INV-429408,SKU523,Mechanical Keyboard,18,2026-01-29,91.97,10228,USA
INV-697456,SKU856,Mechanical Keyboard,75,2026-04-02,259.84,10035,USA
INV-767403,SKU576,Mechanical Keyboard,19,2026-02-20,130.95,10407,UK
INV-171939,SKU481,Bluetooth Headphones,12,2025-12-15,110.03,10222,USA
INV-377876,SKU254,USB-C Hub,65,2026-04-06,226.26,10005,Germany
INV-941676,SKU356,Gaming Monitor,11,2026-04-26,85.9,10321,USA
INV-511742,SKU855,Desk Pad,5,2026-01-26,89.78,10467,Canada
INV-895772,SKU773,USB-C Hub,1,2026-03-28,24.38,10219,Australia
INV-859848,SKU167,Laptop Stand,3,2026-02-09,69.36,10074,UK
INV-908826,SKU443,Desk Pad,95,2026-04-22,140.72,10003,Germany
INV-460701,SKU376,Wireless Mouse,7,2026-01-31,143.98,10334,Canada
INV-235174,SKU772,Gaming Monitor,12,2026-03-25,67.51,10133,USA
INV-595062,SKU490,Wireless Mouse,15,2025-11-28,84.65,10117,Australia
INV-643447,SKU548,Webcam 1080p,5,2026-04-18,82.32,10368,USA
INV-222366,SKU358,Bluetooth Headphones,15,2025-11-25,97.33,10093,UK
INV-296164,SKU406,Laptop Stand,8,2025-12-28,113.49,10485,Germany
INV-892644,SKU946,Bluetooth Headphones,10,2025-12-11,37.63,10434,USA
INV-590576,SKU194,Laptop Stand,16,2026-03-14,81.67,10061,USA
INV-923837,SKU563,Wireless Mouse,8,2026-01-14,124.76,10440,UK
INV-492776,SKU345,Wireless Mouse,1,2025-12-08,72.15,10193,Australia
INV-439205,SKU832,Wireless Mouse,12,2026-03-14,45.38,10334,Pakistan
INV-456440,SKU734,Laptop Stand,5,2026-04-22,99.93,10202,UK
INV-941618,SKU286,Mechanical Keyboard,3,2026-01-14,124.45,10391,Canada
INV-866164,SKU873,Wireless Mouse,5,2026-04-15,28.32,10025,Pakistan
INV-848353,SKU884,Bluetooth Headphones,4,2026-01-05,117.63,10434,USA
INV-485289,SKU472,Webcam 1080p,8,2026-04-17,124.14,10172,USA
INV-606767,SKU671,Gaming Monitor,3,2025-11-03,71.92,10299,Germany
INV-634820,SKU505,Laptop Stand,10,2026-02-25,147.58,10132,Australia
INV-310126,SKU507,Desk Pad,2,2026-02-07,119.07,10325,Australia
INV-316351,SKU224,Bluetooth Headphones,11,2026-04-01,117.18,10409,UK
INV-428684,SKU436,USB-C Hub,10,2025-11-19,113.44,10117,USA
INV-203021,SKU440,Webcam 1080p,14,2026-03-26,26.84,10323,UK
INV-889703,SKU662,USB-C Hub,7,2026-02-24,36.5,10274,USA
INV-100209,SKU277,Gaming Monitor,2,2026-03-05,72.28,10211,USA
INV-322071,SKU750,Mechanical Keyboard,9,2026-01-27,43.28,10224,Germany
INV-760899,SKU938,Wireless Mouse,80,2026-04-09,130.42,10019,USA
INV-906409,SKU269,Laptop Stand,13,2025-11-01,133.83,10112,Australia
INV-305214,SKU138,Bluetooth Headphones,9,2026-04-02,124.53,10139,UK
INV-209920,SKU168,Desk Pad,20,2026-04-18,192.72,10046,UK
INV-490300,SKU335,Wireless Mouse,50,2026-04-27,258.86,10000,USA
INV-461732,SKU659,Bluetooth Headphones,12,2026-03-06,118.65,10089,USA
INV-430828,SKU480,Laptop Stand,17,2026-01-28,67.2,10141,USA
INV-330144,SKU156,USB-C Hub,14,2026-03-24,34.15,10319,Pakistan
INV-367751,SKU376,Wireless Mouse,70,2026-04-16,159.12,10037,Australia
INV-316194,SKU949,Gaming Monitor,2,2026-03-31,111.75,10292,UK
INV-456930,SKU198,Mechanical Keyboard,11,2025-11-25,68.28,10381,USA
INV-488550,SKU626,Gaming Monitor,16,2025-11-16,101.68,10138,Pakistan
INV-283011,SKU424,Mechanical Keyboard,19,2026-01-12,18.68,10355,USA
INV-773954,SKU560,Webcam 1080p,6,2026-03-09,113.46,10332,USA
INV-551598,SKU278,Bluetooth Headphones,19,2025-12-12,122.84,10490,UK
INV-107399,SKU943,Wireless Mouse,5,2026-03-27,107.49,10258,Pakistan
INV-614242,SKU673,Wireless Mouse,4,2026-04-11,145.25,10160,USA
INV-751100,SKU218,Webcam 1080p,15,2026-01-19,124.86,10389,USA
INV-198662,SKU568,Mechanical Keyboard,4,2026-02-12,135.95,10177,Pakistan
INV-395761,SKU648,USB-C Hub,50,2026-04-27,280.74,10009,USA
INV-762858,SKU745,Laptop Stand,3,2025-12-04,121.2,10260,USA
INV-989258,SKU554,Gaming Monitor,5,2026-01-28,102.77,10406,UK
INV-872592,SKU125,Webcam 1080p,6,2026-03-05,5.83,10137,Australia
INV-473221,SKU589,Desk Pad,8,2025-12-15,72.54,10171,UK
INV-937056,SKU107,Desk Pad,7,2026-03-14,87.82,10385,Pakistan
INV-896060,SKU615,Bluetooth Headphones,50,2026-04-18,98.16,10012,Canada
INV-493545,SKU632,Webcam 1080p,6,2026-03-02,51.13,10167,USA
INV-400763,SKU248,Gaming Monitor,14,2026-01-09,144.37,10129,Pakistan
INV-107032,SKU587,Gaming Monitor,4,2026-02-04,134.3,10083,UK
INV-803454,SKU124,Bluetooth Headphones,13,2026-02-13,128.13,10320,USA
INV-400178,SKU754,Bluetooth Headphones,17,2025-12-18,63.87,10318,UK
INV-726946,SKU856,Wireless Mouse,7,2025-12-09,6.99,10100,USA
INV-615882,SKU654,Gaming Monitor,4,2025-12-01,16.63,10328,USA
INV-972590,SKU524,Laptop Stand,14,2025-11-10,50.27,10272,USA
INV-679552,SKU392,Desk Pad,3,2025-11-30,7.28,10264,UK
INV-718408,SKU284,Laptop Stand,5,2025-11-18,7.49,10458,Australia
INV-147850,SKU653,Mechanical Keyboard,16,2026-01-27,137.91,10398,UK
INV-629010,SKU530,Webcam 1080p,4,2026-03-05,107.39,10407,Pakistan
INV-379916,SKU703,Bluetooth Headphones,10,2026-04-04,99.6,10037,USA
INV-448249,SKU416,Wireless Mouse,18,2025-11-15,24.23,10418,USA
INV-534895,SKU497,Laptop Stand,19,2025-11-04,79.19,10093,USA
INV-104576,SKU423,USB-C Hub,19,2026-04-17,5.78,10094,USA
INV-782067,SKU664,Desk Pad,17,2025-11-09,141.07,10304,USA
INV-461548,SKU695,Wireless Mouse,14,2026-02-17,65.15,10068,Germany
INV-534848,SKU645,Wireless Mouse,19,2026-03-17,63.34,10317,Pakistan
INV-665764,SKU175,Laptop Stand,13,2026-04-03,61.64,10443,Pakistan
INV-348292,SKU964,USB-C Hub,12,2026-03-12,15.05,10235,USA
INV-523501,SKU808,Mechanical Keyboard,6,2025-11-16,97.56,10433,Australia
INV-910586,SKU585,Laptop Stand,4,2026-03-23,111.29,10333,USA
INV-513270,SKU897,USB-C Hub,19,2026-02-07,103.04,10372,USA
INV-379309,SKU187,Wireless Mouse,16,2026-03-01,25.07,10375,Australia
INV-114439,SKU846,Desk Pad,13,2025-12-22,88.93,10458,Canada
INV-480355,SKU331,USB-C Hub,4,2026-01-08,87.58,10136,USA
INV-668806,SKU106,Wireless Mouse,17,2025-11-05,130.92,10417,UK
INV-319123,SKU903,Webcam 1080p,1,2025-11-20,59.97,10075,USA
INV-651250,SKU649,Laptop Stand,18,2026-01-18,58.87,10482,Germany
INV-863445,SKU151,Bluetooth Headphones,85,2026-04-22,189.38,10034,UK
INV-399907,SKU754,Laptop Stand,75,2026-04-19,193.6,10000,Pakistan
INV-216189,SKU495,Webcam 1080p,11,2025-11-02,73.05,10295,USA
INV-210290,SKU320,Gaming Monitor,13,2026-02-01,69.24,10319,USA
INV-997246,SKU527,Gaming Monitor,1,2025-11-13,76.65,10405,UK
INV-905896,SKU851,Gaming Monitor,17,2025-11-04,129.85,10059,UK
INV-223980,SKU242,Laptop Stand,6,2026-04-19,71.87,10319,USA
INV-327021,SKU960,Mechanical Keyboard,4,2026-02-17,141.29,10348,Germany
INV-788630,SKU462,Laptop Stand,16,2026-01-13,78.08,10327,Australia
INV-142299,SKU481,Desk Pad,15,2026-02-03,142.63,10266,Pakistan
INV-841165,SKU660,Webcam 1080p,15,2026-02-13,125.76,10360,Australia
INV-131541,SKU376,Desk Pad,6,2025-11-08,57.55,10228,Australia
INV-435689,SKU370,Webcam 1080p,15,2026-01-06,130.23,10269,UK
INV-575759,SKU113,Bluetooth Headphones,14,2026-02-18,20.96,10315,Australia
INV-847358,SKU397,USB-C Hub,11,2025-11-09,139.13,10285,USA
INV-229188,SKU563,Laptop Stand,7,2026-02-25,96.59,10290,USA
INV-308150,SKU626,Laptop Stand,9,2025-11-11,12.89,10212,USA
INV-576186,SKU333,Wireless Mouse,16,2026-02-07,98.42,10164,UK
INV-916197,SKU674,Webcam 1080p,25,2026-04-12,292.54,10004,USA
INV-910201,SKU807,Wireless Mouse,10,2026-03-21,15.12,10338,Pakistan
INV-319073,SKU126,Wireless Mouse,18,2026-04-13,85.43,10378,USA
INV-580620,SKU570,Laptop Stand,3,2026-02-28,113.43,10077,USA
INV-644444,SKU192,Mechanical Keyboard,13,2026-03-21,122.49,10409,UK
INV-841196,SKU716,USB-C Hub,11,2025-11-12,65.0,10061,USA
INV-543697,SKU408,USB-C Hub,17,2025-12-07,34.6,10131,USA
INV-768795,SKU151,Desk Pad,13,2026-01-13,11.14,10088,USA
INV-825010,SKU418,Webcam 1080p,6,2026-01-12,89.06,10236,UK
INV-801696,SKU280,Bluetooth Headphones,85,2026-04-12,141.34,10041,UK
INV-173631,SKU668,Webcam 1080p,13,2026-03-10,142.57,10088,Germany
INV-924341,SKU219,Mechanical Keyboard,19,2025-12-26,13.79,10401,Germany
INV-693775,SKU919,Mechanical Keyboard,19,2025-12-30,104.38,10295,UK
INV-585825,SKU974,USB-C Hub,10,2025-11-23,8.62,10327,USA
INV-409799,SKU142,Gaming Monitor,3,2026-02-11,29.86,10294,USA
INV-527557,SKU746,Wireless Mouse,14,2025-12-10,70.77,10103,Germany
INV-867023,SKU984,Wireless Mouse,95,2026-04-10,141.92,10013,USA
INV-819542,SKU359,USB-C Hub,5,2026-01-24,104.43,10287,USA
INV-151786,SKU296,Webcam 1080p,5,2026-03-31,136.98,10178,Germany
INV-168304,SKU744,Mechanical Keyboard,17,2026-04-06,97.66,10124,UK
INV-465750,SKU354,Webcam 1080p,10,2026-04-28,143.26,10421,USA
INV-277586,SKU831,Bluetooth Headphones,5,2026-01-28,132.83,10352,USA
INV-745226,SKU435,Gaming Monitor,20,2026-04-10,179.5,10022,Pakistan
INV-527195,SKU652,USB-C Hub,6,2026-04-27,125.9,10062,Australia
INV-584103,SKU601,Wireless Mouse,4,2025-11-20,98.17,10142,Germany
INV-967413,SKU354,Laptop Stand,7,2026-03-10,16.39,10480,UK
INV-155107,SKU613,Webcam 1080p,7,2026-04-02,112.38,10152,UK
INV-622058,SKU806,Mechanical Keyboard,18,2025-11-13,18.76,10144,Pakistan
INV-345191,SKU341,Laptop Stand,3,2026-03-02,91.14,10224,Pakistan
INV-756520,SKU248,Bluetooth Headphones,1,2026-02-11,106.88,10494,USA
INV-450041,SKU809,USB-C Hub,4,2026-02-14,14.65,10449,Australia
INV-172577,SKU398,Webcam 1080p,6,2026-02-27,38.47,10461,USA
INV-839663,SKU856,Wireless Mouse,9,2026-01-09,137.77,10308,USA
INV-504062,SKU949,Webcam 1080p,14,2026-02-07,94.37,10103,Canada
INV-360933,SKU719,Gaming Monitor,12,2026-01-21,40.71,10103,UK
INV-728468,SKU552,Desk Pad,4,2026-01-14,105.15,10434,Pakistan
INV-382068,SKU492,Laptop Stand,60,2026-04-15,183.06,10038,USA
INV-473337,SKU311,Gaming Monitor,10,2026-01-23,77.73,10434,UK
INV-769242,SKU767,Bluetooth Headphones,7,2026-01-08,146.55,10197,Pakistan
INV-835634,SKU637,Wireless Mouse,3,2025-12-29,104.1,10133,Pakistan
INV-101095,SKU693,Laptop Stand,14,2026-03-06,59.44,10066,USA
INV-466349,SKU694,Bluetooth Headphones,10,2026-02-19,121.01,10390,USA
INV-796343,SKU230,Gaming Monitor,16,2026-01-01,133.26,10178,Canada
INV-638411,SKU428,Gaming Monitor,16,2026-03-24,23.16,10455,USA
INV-586884,SKU711,Desk Pad,50,2026-04-14,68.16,10041,Pakistan
INV-821975,SKU355,Laptop Stand,13,2026-02-13,36.35,10447,Pakistan
INV-588409,SKU578,Wireless Mouse,6,2026-01-07,105.23,10499,USA
INV-931710,SKU660,Gaming Monitor,60,2026-04-16,184.88,10014,USA
INV-984343,SKU162,USB-C Hub,9,2025-12-05,94.75,10110,USA
INV-151999,SKU410,Desk Pad,13,2025-11-14,141.41,10156,Pakistan
INV-917585,SKU506,Bluetooth Headphones,4,2026-04-26,117.51,10288,USA
INV-380488,SKU901,Laptop Stand,11,2026-02-10,23.55,10499,UK
INV-855137,SKU204,Mechanical Keyboard,18,2026-02-08,55.39,10477,UK
INV-661944,SKU716,Mechanical Keyboard,11,2025-11-07,68.13,10230,UK
INV-301587,SKU936,Wireless Mouse,4,2025-11-30,62.41,10410,USA
INV-884875,SKU114,USB-C Hub,18,2025-12-19,102.05,10419,USA
INV-363356,SKU786,Gaming Monitor,1,2026-03-24,134.32,10156,Pakistan
INV-744673,SKU358,Mechanical Keyboard,35,2026-04-21,98.76,10037,Pakistan
INV-240073,SKU822,Wireless Mouse,6,2026-04-28,85.02,10440,Germany
INV-178784,SKU511,Bluetooth Headphones,15,2026-01-11,119.46,10096,USA
INV-985155,SKU358,Desk Pad,18,2026-01-19,65.35,10484,USA
INV-443288,SKU713,USB-C Hub,11,2026-01-22,29.38,10410,Canada
INV-655656,SKU359,USB-C Hub,15,2025-12-12,73.87,10438,USA
INV-826179,SKU955,Webcam 1080p,16,2025-11-17,13.01,10288,Pakistan
INV-161160,SKU770,Wireless Mouse,7,2026-04-22,141.65,10253,Canada
INV-781214,SKU144,Wireless Mouse,10,2025-11-07,15.85,10195,USA
INV-372859,SKU912,Webcam 1080p,12,2026-04-04,68.58,10085,Pakistan
INV-574917,SKU862,Desk Pad,14,2025-11-10,81.83,10321,Pakistan
INV-683072,SKU430,Gaming Monitor,25,2026-04-17,295.74,10009,USA
INV-491337,SKU264,Wireless Mouse,90,2026-04-27,58.14,10004,UK
INV-461788,SKU292,Webcam 1080p,5,2026-04-02,21.59,10122,USA
INV-126797,SKU620,Gaming Monitor,3,2025-11-06,6.26,10329,USA
INV-409717,SKU500,Desk Pad,5,2026-04-01,27.56,10352,USA
INV-962552,SKU473,Gaming Monitor,17,2026-03-26,35.05,10117,UK
INV-639068,SKU164,Laptop Stand,19,2026-03-14,96.43,10293,Pakistan
INV-662193,SKU486,USB-C Hub,19,2025-11-29,36.86,10396,UK
INV-740337,SKU594,Bluetooth Headphones,12,2026-03-06,7.98,10158,USA
INV-753939,SKU893,USB-C Hub,9,2026-04-02,124.86,10302,Canada
INV-657647,SKU792,USB-C Hub,1,2026-01-20,58.01,10227,USA
INV-428206,SKU514,Laptop Stand,18,2026-04-23,56.29,10364,Australia
INV-697679,SKU893,Gaming Monitor,4,2026-04-01,48.86,10215,UK
INV-405607,SKU890,Gaming Monitor,10,2026-01-14,146.43,10435,USA
INV-199596,SKU129,Wireless Mouse,7,2025-11-26,29.67,10183,USA
INV-871702,SKU365,Laptop Stand,5,2026-04-18,270.48,10014,Germany
INV-981450,SKU427,Wireless Mouse,17,2026-02-23,117.64,10156,USA
INV-903003,SKU591,Laptop Stand,2,2026-03-06,16.09,10135,Germany
